run_id,platform,device_model,os_version,build_type,app_version,scenario,metric,iteration,value,unit,server_ms,recorded_at
run_1788714025977,REACT_NATIVE,2409BRN2CY,android 36,RELEASE,1.0.0,S1,STARTUP_MS,1,626.395,ms,19.496,2026-09-06T17:00:26.438Z
run_1788713908589,REACT_NATIVE,2409BRN2CY,android 36,RELEASE,1.0.0,S1,STARTUP_MS,1,559.204,ms,23.488,2026-09-06T16:58:28.977Z
run_1788713917532,REACT_NATIVE,2409BRN2CY,android 36,RELEASE,1.0.0,S1,STARTUP_MS,1,622.27,ms,22.654,2026-09-06T16:58:37.987Z
run_1788713926101,REACT_NATIVE,2409BRN2CY,android 36,RELEASE,1.0.0,S1,STARTUP_MS,1,582.911,ms,22.385,2026-09-06T16:58:46.525Z
run_1788713934800,REACT_NATIVE,2409BRN2CY,android 36,RELEASE,1.0.0,S1,STARTUP_MS,1,600.582,ms,19.675,2026-09-06T16:58:55.236Z
run_1788713944102,REACT_NATIVE,2409BRN2CY,android 36,RELEASE,1.0.0,S1,STARTUP_MS,1,585.069,ms,6.446,2026-09-06T16:59:04.506Z
run_1788713954140,REACT_NATIVE,2409BRN2CY,android 36,RELEASE,1.0.0,S1,STARTUP_MS,1,548.977,ms,6.743,2026-09-06T16:59:14.523Z
run_1788713963201,REACT_NATIVE,2409BRN2CY,android 36,RELEASE,1.0.0,S1,STARTUP_MS,1,567.403,ms,20.154,2026-09-06T16:59:23.604Z
run_1788713971445,REACT_NATIVE,2409BRN2CY,android 36,RELEASE,1.0.0,S1,STARTUP_MS,1,628.379,ms,18.262,2026-09-06T16:59:31.864Z
run_1788713981304,REACT_NATIVE,2409BRN2CY,android 36,RELEASE,1.0.0,S1,STARTUP_MS,1,568.995,ms,19.191,2026-09-06T16:59:41.715Z
run_1788713990286,REACT_NATIVE,2409BRN2CY,android 36,RELEASE,1.0.0,S1,STARTUP_MS,1,628.314,ms,10.425,2026-09-06T16:59:50.706Z
run_1788713998665,REACT_NATIVE,2409BRN2CY,android 36,RELEASE,1.0.0,S1,STARTUP_MS,1,557.457,ms,9.524,2026-09-06T16:59:59.061Z
run_1788714008231,REACT_NATIVE,2409BRN2CY,android 36,RELEASE,1.0.0,S1,STARTUP_MS,1,594.73,ms,18.586,2026-09-06T17:00:08.667Z
run_1788714017200,REACT_NATIVE,2409BRN2CY,android 36,RELEASE,1.0.0,S1,STARTUP_MS,1,813.178,ms,18.559,2026-09-06T17:00:17.801Z
run_1788716007949,REACT_NATIVE,2409BRN2CY,android 36,RELEASE,1.0.0,S1,STARTUP_MS,1,1378.706,ms,29.13,2026-09-06T17:33:29.102Z
run_1788714035828,REACT_NATIVE,2409BRN2CY,android 36,RELEASE,1.0.0,S1,STARTUP_MS,1,556.051,ms,12.41,2026-09-06T17:00:36.225Z
run_1788714044918,REACT_NATIVE,2409BRN2CY,android 36,RELEASE,1.0.0,S1,STARTUP_MS,1,556.401,ms,9.258,2026-09-06T17:00:45.296Z
run_1788714053976,REACT_NATIVE,2409BRN2CY,android 36,RELEASE,1.0.0,S1,STARTUP_MS,1,573.017,ms,20.254,2026-09-06T17:00:54.385Z
run_1788714062788,REACT_NATIVE,2409BRN2CY,android 36,RELEASE,1.0.0,S1,STARTUP_MS,1,595.324,ms,7.228,2026-09-06T17:01:03.189Z
run_1788714071787,REACT_NATIVE,2409BRN2CY,android 36,RELEASE,1.0.0,S1,STARTUP_MS,1,604.799,ms,22.009,2026-09-06T17:01:12.221Z
run_1788714080333,REACT_NATIVE,2409BRN2CY,android 36,RELEASE,1.0.0,S1,STARTUP_MS,1,580.379,ms,14.203,2026-09-06T17:01:20.750Z
run_1788714089719,REACT_NATIVE,2409BRN2CY,android 36,RELEASE,1.0.0,S1,STARTUP_MS,1,610.769,ms,20.471,2026-09-06T17:01:30.135Z
run_1788714099286,REACT_NATIVE,2409BRN2CY,android 36,RELEASE,1.0.0,S1,STARTUP_MS,1,569.849,ms,18.585,2026-09-06T17:01:39.683Z
run_1788714108016,REACT_NATIVE,2409BRN2CY,android 36,RELEASE,1.0.0,S1,STARTUP_MS,1,566.194,ms,17.066,2026-09-06T17:01:48.407Z
run_1788714116698,REACT_NATIVE,2409BRN2CY,android 36,RELEASE,1.0.0,S1,STARTUP_MS,1,711.364,ms,16.364,2026-09-06T17:01:57.214Z
run_1788714126660,REACT_NATIVE,2409BRN2CY,android 36,RELEASE,1.0.0,S1,STARTUP_MS,1,525.66,ms,10.766,2026-09-06T17:02:07.024Z
run_1788714135347,REACT_NATIVE,2409BRN2CY,android 36,RELEASE,1.0.0,S1,STARTUP_MS,1,577.046,ms,24.622,2026-09-06T17:02:15.758Z
run_1788714144279,REACT_NATIVE,2409BRN2CY,android 36,RELEASE,1.0.0,S1,STARTUP_MS,1,656.736,ms,16.019,2026-09-06T17:02:24.745Z
run_1788714153256,REACT_NATIVE,2409BRN2CY,android 36,RELEASE,1.0.0,S1,STARTUP_MS,1,594.157,ms,12.762,2026-09-06T17:02:33.641Z
run_1788714161839,REACT_NATIVE,2409BRN2CY,android 36,RELEASE,1.0.0,S1,STARTUP_MS,1,565.845,ms,17.742,2026-09-06T17:02:42.238Z
run_1788714237862,REACT_NATIVE,2409BRN2CY,android 36,RELEASE,1.0.0,S1,STARTUP_MS,1,687.054,ms,49.988,2026-09-06T17:03:58.303Z
run_1788713897595,REACT_NATIVE,2409BRN2CY,android 36,RELEASE,1.0.0,S1,STARTUP_MS,1,627.543,ms,48.697,2026-09-06T16:58:18.043Z
run_1788716007949,REACT_NATIVE,2409BRN2CY,android 36,RELEASE,1.0.0,S2,UI_RESPONSE_MS,1,99.772,ms,5.216,2026-09-06T17:33:50.334Z
run_1788714237862,REACT_NATIVE,2409BRN2CY,android 36,RELEASE,1.0.0,S2,UI_RESPONSE_MS,1,98.821,ms,8.718,2026-09-06T17:04:02.249Z
run_1788714237862,REACT_NATIVE,2409BRN2CY,android 36,RELEASE,1.0.0,S2,UI_RESPONSE_MS,2,116.201,ms,8.509,2026-09-06T17:04:10.395Z
run_1788716007949,REACT_NATIVE,2409BRN2CY,android 36,RELEASE,1.0.0,S2,UI_RESPONSE_MS,2,116.155,ms,4.817,2026-09-06T17:34:08.422Z
run_1788714237862,REACT_NATIVE,2409BRN2CY,android 36,RELEASE,1.0.0,S2,UI_RESPONSE_MS,3,115.489,ms,18.222,2026-09-06T17:04:17.939Z
run_1788716007949,REACT_NATIVE,2409BRN2CY,android 36,RELEASE,1.0.0,S2,UI_RESPONSE_MS,3,115.845,ms,11.313,2026-09-06T17:34:26.026Z
run_1788714237862,REACT_NATIVE,2409BRN2CY,android 36,RELEASE,1.0.0,S2,UI_RESPONSE_MS,4,98.043,ms,12.422,2026-09-06T17:04:25.366Z
run_1788716007949,REACT_NATIVE,2409BRN2CY,android 36,RELEASE,1.0.0,S2,UI_RESPONSE_MS,4,106.533,ms,6.308,2026-09-06T17:34:43.614Z
run_1788714237862,REACT_NATIVE,2409BRN2CY,android 36,RELEASE,1.0.0,S2,UI_RESPONSE_MS,5,130.917,ms,14.428,2026-09-06T17:04:33.695Z
run_1788716007949,REACT_NATIVE,2409BRN2CY,android 36,RELEASE,1.0.0,S2,UI_RESPONSE_MS,5,117.324,ms,9.08,2026-09-06T17:35:02.203Z
run_1788714237862,REACT_NATIVE,2409BRN2CY,android 36,RELEASE,1.0.0,S2,UI_RESPONSE_MS,6,113.599,ms,10.002,2026-09-06T17:04:41.356Z
run_1788716007949,REACT_NATIVE,2409BRN2CY,android 36,RELEASE,1.0.0,S2,UI_RESPONSE_MS,6,113.915,ms,7.267,2026-09-06T17:35:19.904Z
run_1788716007949,REACT_NATIVE,2409BRN2CY,android 36,RELEASE,1.0.0,S2,UI_RESPONSE_MS,7,114.481,ms,7.923,2026-09-06T17:35:38.242Z
run_1788714237862,REACT_NATIVE,2409BRN2CY,android 36,RELEASE,1.0.0,S2,UI_RESPONSE_MS,7,135.262,ms,13.063,2026-09-06T17:04:49.321Z
run_1788716007949,REACT_NATIVE,2409BRN2CY,android 36,RELEASE,1.0.0,S2,UI_RESPONSE_MS,8,114.737,ms,4.221,2026-09-06T17:35:56.030Z
run_1788714237862,REACT_NATIVE,2409BRN2CY,android 36,RELEASE,1.0.0,S2,UI_RESPONSE_MS,8,130.918,ms,10.635,2026-09-06T17:04:57.761Z
run_1788714237862,REACT_NATIVE,2409BRN2CY,android 36,RELEASE,1.0.0,S2,UI_RESPONSE_MS,9,143.673,ms,15.198,2026-09-06T17:05:05.152Z
run_1788716007949,REACT_NATIVE,2409BRN2CY,android 36,RELEASE,1.0.0,S2,UI_RESPONSE_MS,9,114.099,ms,9.598,2026-09-06T17:36:13.950Z
run_1788714237862,REACT_NATIVE,2409BRN2CY,android 36,RELEASE,1.0.0,S2,UI_RESPONSE_MS,10,132.51,ms,13.292,2026-09-06T17:05:13.251Z
run_1788716007949,REACT_NATIVE,2409BRN2CY,android 36,RELEASE,1.0.0,S2,UI_RESPONSE_MS,10,98.998,ms,4.865,2026-09-06T17:36:32.305Z
run_1788716007949,REACT_NATIVE,2409BRN2CY,android 36,RELEASE,1.0.0,S2,UI_RESPONSE_MS,11,113.926,ms,6.058,2026-09-06T17:36:50.525Z
run_1788714237862,REACT_NATIVE,2409BRN2CY,android 36,RELEASE,1.0.0,S2,UI_RESPONSE_MS,11,117.884,ms,7.92,2026-09-06T17:05:20.881Z
run_1788716007949,REACT_NATIVE,2409BRN2CY,android 36,RELEASE,1.0.0,S2,UI_RESPONSE_MS,12,130.347,ms,3.998,2026-09-06T17:37:08.279Z
run_1788714237862,REACT_NATIVE,2409BRN2CY,android 36,RELEASE,1.0.0,S2,UI_RESPONSE_MS,12,147.524,ms,6.759,2026-09-06T17:05:28.606Z
run_1788716007949,REACT_NATIVE,2409BRN2CY,android 36,RELEASE,1.0.0,S2,UI_RESPONSE_MS,13,117.021,ms,10.87,2026-09-06T17:37:26.369Z
run_1788714237862,REACT_NATIVE,2409BRN2CY,android 36,RELEASE,1.0.0,S2,UI_RESPONSE_MS,13,131.297,ms,16.487,2026-09-06T17:05:36.252Z
run_1788714237862,REACT_NATIVE,2409BRN2CY,android 36,RELEASE,1.0.0,S2,UI_RESPONSE_MS,14,115.185,ms,12.003,2026-09-06T17:05:43.696Z
run_1788716007949,REACT_NATIVE,2409BRN2CY,android 36,RELEASE,1.0.0,S2,UI_RESPONSE_MS,14,114.165,ms,4.504,2026-09-06T17:37:44.420Z
run_1788714237862,REACT_NATIVE,2409BRN2CY,android 36,RELEASE,1.0.0,S2,UI_RESPONSE_MS,15,131.998,ms,8.227,2026-09-06T17:05:52.091Z
run_1788716007949,REACT_NATIVE,2409BRN2CY,android 36,RELEASE,1.0.0,S2,UI_RESPONSE_MS,15,115.016,ms,8.836,2026-09-06T17:38:02.476Z
run_1788714237862,REACT_NATIVE,2409BRN2CY,android 36,RELEASE,1.0.0,S2,UI_RESPONSE_MS,16,114.305,ms,9.517,2026-09-06T17:05:59.285Z
run_1788716007949,REACT_NATIVE,2409BRN2CY,android 36,RELEASE,1.0.0,S2,UI_RESPONSE_MS,16,130.431,ms,7.551,2026-09-06T17:38:20.612Z
run_1788714237862,REACT_NATIVE,2409BRN2CY,android 36,RELEASE,1.0.0,S2,UI_RESPONSE_MS,17,149.981,ms,28.282,2026-09-06T17:06:07.131Z
run_1788716007949,REACT_NATIVE,2409BRN2CY,android 36,RELEASE,1.0.0,S2,UI_RESPONSE_MS,17,117.266,ms,13.142,2026-09-06T17:38:38.284Z
run_1788716007949,REACT_NATIVE,2409BRN2CY,android 36,RELEASE,1.0.0,S2,UI_RESPONSE_MS,18,114.53,ms,10.198,2026-09-06T17:38:55.422Z
run_1788714237862,REACT_NATIVE,2409BRN2CY,android 36,RELEASE,1.0.0,S2,UI_RESPONSE_MS,18,131.363,ms,14.851,2026-09-06T17:06:14.858Z
run_1788716007949,REACT_NATIVE,2409BRN2CY,android 36,RELEASE,1.0.0,S2,UI_RESPONSE_MS,19,114.454,ms,5.808,2026-09-06T17:39:15.108Z
run_1788714237862,REACT_NATIVE,2409BRN2CY,android 36,RELEASE,1.0.0,S2,UI_RESPONSE_MS,19,148.304,ms,17.57,2026-09-06T17:06:22.753Z
run_1788714237862,REACT_NATIVE,2409BRN2CY,android 36,RELEASE,1.0.0,S2,UI_RESPONSE_MS,20,114.51,ms,13.501,2026-09-06T17:06:31.197Z
run_1788716007949,REACT_NATIVE,2409BRN2CY,android 36,RELEASE,1.0.0,S2,UI_RESPONSE_MS,20,130.598,ms,14.958,2026-09-06T17:39:33.178Z
run_1788714237862,REACT_NATIVE,2409BRN2CY,android 36,RELEASE,1.0.0,S2,UI_RESPONSE_MS,21,131.129,ms,9.157,2026-09-06T17:06:38.358Z
run_1788716007949,REACT_NATIVE,2409BRN2CY,android 36,RELEASE,1.0.0,S2,UI_RESPONSE_MS,21,117.235,ms,5.504,2026-09-06T17:39:50.602Z
run_1788716007949,REACT_NATIVE,2409BRN2CY,android 36,RELEASE,1.0.0,S2,UI_RESPONSE_MS,22,130.348,ms,8.734,2026-09-06T17:40:08.021Z
run_1788714237862,REACT_NATIVE,2409BRN2CY,android 36,RELEASE,1.0.0,S2,UI_RESPONSE_MS,22,131.609,ms,8.141,2026-09-06T17:06:45.870Z
run_1788714237862,REACT_NATIVE,2409BRN2CY,android 36,RELEASE,1.0.0,S2,UI_RESPONSE_MS,23,130.376,ms,7.144,2026-09-06T17:06:53.681Z
run_1788716007949,REACT_NATIVE,2409BRN2CY,android 36,RELEASE,1.0.0,S2,UI_RESPONSE_MS,23,115.077,ms,8.588,2026-09-06T17:40:27.807Z
run_1788714237862,REACT_NATIVE,2409BRN2CY,android 36,RELEASE,1.0.0,S2,UI_RESPONSE_MS,24,130.861,ms,9.361,2026-09-06T17:07:01.675Z
run_1788716007949,REACT_NATIVE,2409BRN2CY,android 36,RELEASE,1.0.0,S2,UI_RESPONSE_MS,24,130.825,ms,3.647,2026-09-06T17:40:45.129Z
run_1788716007949,REACT_NATIVE,2409BRN2CY,android 36,RELEASE,1.0.0,S2,UI_RESPONSE_MS,25,162.11,ms,5.176,2026-09-06T17:41:03.697Z
run_1788714237862,REACT_NATIVE,2409BRN2CY,android 36,RELEASE,1.0.0,S2,UI_RESPONSE_MS,25,130.615,ms,15.34,2026-09-06T17:07:10.686Z
run_1788716007949,REACT_NATIVE,2409BRN2CY,android 36,RELEASE,1.0.0,S2,UI_RESPONSE_MS,26,115.357,ms,9.129,2026-09-06T17:41:21.171Z
run_1788714237862,REACT_NATIVE,2409BRN2CY,android 36,RELEASE,1.0.0,S2,UI_RESPONSE_MS,26,130.359,ms,12.073,2026-09-06T17:07:18.080Z
run_1788714237862,REACT_NATIVE,2409BRN2CY,android 36,RELEASE,1.0.0,S2,UI_RESPONSE_MS,27,110.731,ms,4.308,2026-09-06T17:07:25.654Z
run_1788716007949,REACT_NATIVE,2409BRN2CY,android 36,RELEASE,1.0.0,S2,UI_RESPONSE_MS,27,168.633,ms,22.231,2026-09-06T17:41:41.543Z
run_1788714237862,REACT_NATIVE,2409BRN2CY,android 36,RELEASE,1.0.0,S2,UI_RESPONSE_MS,28,130.566,ms,7.138,2026-09-06T17:07:33.203Z
run_1788716007949,REACT_NATIVE,2409BRN2CY,android 36,RELEASE,1.0.0,S2,UI_RESPONSE_MS,28,98.978,ms,8.274,2026-09-06T17:41:59.178Z
run_1788714237862,REACT_NATIVE,2409BRN2CY,android 36,RELEASE,1.0.0,S2,UI_RESPONSE_MS,29,130.679,ms,13.488,2026-09-06T17:07:40.614Z
run_1788716007949,REACT_NATIVE,2409BRN2CY,android 36,RELEASE,1.0.0,S2,UI_RESPONSE_MS,29,101.966,ms,6.846,2026-09-06T17:42:18.115Z
run_1788714237862,REACT_NATIVE,2409BRN2CY,android 36,RELEASE,1.0.0,S2,UI_RESPONSE_MS,30,132.545,ms,10.216,2026-09-06T17:07:49.127Z
run_1788716007949,REACT_NATIVE,2409BRN2CY,android 36,RELEASE,1.0.0,S2,UI_RESPONSE_MS,30,130.862,ms,9.336,2026-09-06T17:42:36.734Z
run_1788716007949,REACT_NATIVE,2409BRN2CY,android 36,RELEASE,1.0.0,S3,UI_RESPONSE_MS,1,0.02,ms,,2026-09-06T17:33:59.045Z
run_1788716007949,REACT_NATIVE,2409BRN2CY,android 36,RELEASE,1.0.0,S3,UI_RESPONSE_MS,2,0.011,ms,,2026-09-06T17:34:17.216Z
run_1788716007949,REACT_NATIVE,2409BRN2CY,android 36,RELEASE,1.0.0,S3,UI_RESPONSE_MS,3,0.019,ms,,2026-09-06T17:34:34.737Z
run_1788716007949,REACT_NATIVE,2409BRN2CY,android 36,RELEASE,1.0.0,S3,UI_RESPONSE_MS,4,0.026,ms,,2026-09-06T17:34:52.775Z
run_1788716007949,REACT_NATIVE,2409BRN2CY,android 36,RELEASE,1.0.0,S3,UI_RESPONSE_MS,5,0.01,ms,,2026-09-06T17:35:11.173Z
run_1788716007949,REACT_NATIVE,2409BRN2CY,android 36,RELEASE,1.0.0,S3,UI_RESPONSE_MS,6,0.017,ms,,2026-09-06T17:35:29.152Z
run_1788716007949,REACT_NATIVE,2409BRN2CY,android 36,RELEASE,1.0.0,S3,UI_RESPONSE_MS,7,0.022,ms,,2026-09-06T17:35:47.272Z
run_1788716007949,REACT_NATIVE,2409BRN2CY,android 36,RELEASE,1.0.0,S3,UI_RESPONSE_MS,8,0.021,ms,,2026-09-06T17:36:05.508Z
run_1788716007949,REACT_NATIVE,2409BRN2CY,android 36,RELEASE,1.0.0,S3,UI_RESPONSE_MS,9,0.018,ms,,2026-09-06T17:36:23.512Z
run_1788716007949,REACT_NATIVE,2409BRN2CY,android 36,RELEASE,1.0.0,S3,UI_RESPONSE_MS,10,0.02,ms,,2026-09-06T17:36:41.517Z
run_1788716007949,REACT_NATIVE,2409BRN2CY,android 36,RELEASE,1.0.0,S3,UI_RESPONSE_MS,11,0.018,ms,,2026-09-06T17:36:59.687Z
run_1788716007949,REACT_NATIVE,2409BRN2CY,android 36,RELEASE,1.0.0,S3,UI_RESPONSE_MS,12,0.025,ms,,2026-09-06T17:37:17.658Z
run_1788716007949,REACT_NATIVE,2409BRN2CY,android 36,RELEASE,1.0.0,S3,UI_RESPONSE_MS,13,0.016,ms,,2026-09-06T17:37:35.795Z
run_1788716007949,REACT_NATIVE,2409BRN2CY,android 36,RELEASE,1.0.0,S3,UI_RESPONSE_MS,14,0.028,ms,,2026-09-06T17:37:53.384Z
run_1788716007949,REACT_NATIVE,2409BRN2CY,android 36,RELEASE,1.0.0,S3,UI_RESPONSE_MS,15,0.024,ms,,2026-09-06T17:38:11.538Z
run_1788716007949,REACT_NATIVE,2409BRN2CY,android 36,RELEASE,1.0.0,S3,UI_RESPONSE_MS,16,0.032,ms,,2026-09-06T17:38:30.007Z
run_1788716007949,REACT_NATIVE,2409BRN2CY,android 36,RELEASE,1.0.0,S3,UI_RESPONSE_MS,17,0.021,ms,,2026-09-06T17:38:47.145Z
run_1788716007949,REACT_NATIVE,2409BRN2CY,android 36,RELEASE,1.0.0,S3,UI_RESPONSE_MS,18,0.022,ms,,2026-09-06T17:39:05.933Z
run_1788716007949,REACT_NATIVE,2409BRN2CY,android 36,RELEASE,1.0.0,S3,UI_RESPONSE_MS,19,0.021,ms,,2026-09-06T17:39:24.770Z
run_1788716007949,REACT_NATIVE,2409BRN2CY,android 36,RELEASE,1.0.0,S3,UI_RESPONSE_MS,20,0.021,ms,,2026-09-06T17:39:42.224Z
run_1788716007949,REACT_NATIVE,2409BRN2CY,android 36,RELEASE,1.0.0,S3,UI_RESPONSE_MS,21,0.027,ms,,2026-09-06T17:39:59.781Z
run_1788716007949,REACT_NATIVE,2409BRN2CY,android 36,RELEASE,1.0.0,S3,UI_RESPONSE_MS,22,0.028,ms,,2026-09-06T17:40:17.783Z
run_1788716007949,REACT_NATIVE,2409BRN2CY,android 36,RELEASE,1.0.0,S3,UI_RESPONSE_MS,23,0.024,ms,,2026-09-06T17:40:36.603Z
run_1788716007949,REACT_NATIVE,2409BRN2CY,android 36,RELEASE,1.0.0,S3,UI_RESPONSE_MS,24,0.027,ms,,2026-09-06T17:40:54.807Z
run_1788716007949,REACT_NATIVE,2409BRN2CY,android 36,RELEASE,1.0.0,S3,UI_RESPONSE_MS,25,0.025,ms,,2026-09-06T17:41:12.763Z
run_1788716007949,REACT_NATIVE,2409BRN2CY,android 36,RELEASE,1.0.0,S3,UI_RESPONSE_MS,26,0.026,ms,,2026-09-06T17:41:30.715Z
run_1788716007949,REACT_NATIVE,2409BRN2CY,android 36,RELEASE,1.0.0,S3,UI_RESPONSE_MS,27,0.029,ms,,2026-09-06T17:41:50.886Z
run_1788716007949,REACT_NATIVE,2409BRN2CY,android 36,RELEASE,1.0.0,S3,UI_RESPONSE_MS,28,0.026,ms,,2026-09-06T17:42:08.958Z
run_1788716007949,REACT_NATIVE,2409BRN2CY,android 36,RELEASE,1.0.0,S3,UI_RESPONSE_MS,29,0.026,ms,,2026-09-06T17:42:27.777Z
run_1788716007949,REACT_NATIVE,2409BRN2CY,android 36,RELEASE,1.0.0,S3,UI_RESPONSE_MS,30,0.023,ms,,2026-09-06T17:42:45.947Z
run_1788716007949,REACT_NATIVE,2409BRN2CY,android 36,RELEASE,1.0.0,S3,API_REQUEST_MS,1,66.728,ms,27.864,2026-09-06T17:33:59.045Z
run_1788716007949,REACT_NATIVE,2409BRN2CY,android 36,RELEASE,1.0.0,S3,API_REQUEST_MS,2,49.929,ms,17.2,2026-09-06T17:34:17.216Z
run_1788716007949,REACT_NATIVE,2409BRN2CY,android 36,RELEASE,1.0.0,S3,API_REQUEST_MS,3,49.385,ms,13.839,2026-09-06T17:34:34.737Z
run_1788716007949,REACT_NATIVE,2409BRN2CY,android 36,RELEASE,1.0.0,S3,API_REQUEST_MS,4,49.252,ms,17.749,2026-09-06T17:34:52.775Z
run_1788716007949,REACT_NATIVE,2409BRN2CY,android 36,RELEASE,1.0.0,S3,API_REQUEST_MS,5,62.055,ms,15.641,2026-09-06T17:35:11.173Z
run_1788716007949,REACT_NATIVE,2409BRN2CY,android 36,RELEASE,1.0.0,S3,API_REQUEST_MS,6,52.533,ms,17.625,2026-09-06T17:35:29.152Z
run_1788716007949,REACT_NATIVE,2409BRN2CY,android 36,RELEASE,1.0.0,S3,API_REQUEST_MS,7,51.357,ms,19.082,2026-09-06T17:35:47.272Z
run_1788716007949,REACT_NATIVE,2409BRN2CY,android 36,RELEASE,1.0.0,S3,API_REQUEST_MS,8,49.07,ms,14.986,2026-09-06T17:36:05.508Z
run_1788716007949,REACT_NATIVE,2409BRN2CY,android 36,RELEASE,1.0.0,S3,API_REQUEST_MS,9,33.511,ms,9.677,2026-09-06T17:36:23.513Z
run_1788716007949,REACT_NATIVE,2409BRN2CY,android 36,RELEASE,1.0.0,S3,API_REQUEST_MS,10,50.915,ms,23.226,2026-09-06T17:36:41.517Z
run_1788716007949,REACT_NATIVE,2409BRN2CY,android 36,RELEASE,1.0.0,S3,API_REQUEST_MS,11,50.101,ms,18.286,2026-09-06T17:36:59.687Z
run_1788716007949,REACT_NATIVE,2409BRN2CY,android 36,RELEASE,1.0.0,S3,API_REQUEST_MS,12,48.765,ms,20.877,2026-09-06T17:37:17.658Z
run_1788716007949,REACT_NATIVE,2409BRN2CY,android 36,RELEASE,1.0.0,S3,API_REQUEST_MS,13,33.949,ms,10.972,2026-09-06T17:37:35.795Z
run_1788716007949,REACT_NATIVE,2409BRN2CY,android 36,RELEASE,1.0.0,S3,API_REQUEST_MS,14,49.992,ms,11.565,2026-09-06T17:37:53.384Z
run_1788716007949,REACT_NATIVE,2409BRN2CY,android 36,RELEASE,1.0.0,S3,API_REQUEST_MS,15,49.74,ms,17.892,2026-09-06T17:38:11.538Z
run_1788716007949,REACT_NATIVE,2409BRN2CY,android 36,RELEASE,1.0.0,S3,API_REQUEST_MS,16,50.332,ms,9.28,2026-09-06T17:38:30.007Z
run_1788716007949,REACT_NATIVE,2409BRN2CY,android 36,RELEASE,1.0.0,S3,API_REQUEST_MS,17,50.465,ms,25.105,2026-09-06T17:38:47.145Z
run_1788716007949,REACT_NATIVE,2409BRN2CY,android 36,RELEASE,1.0.0,S3,API_REQUEST_MS,18,99.881,ms,26.841,2026-09-06T17:39:05.933Z
run_1788716007949,REACT_NATIVE,2409BRN2CY,android 36,RELEASE,1.0.0,S3,API_REQUEST_MS,19,66.138,ms,27.349,2026-09-06T17:39:24.770Z
run_1788716007949,REACT_NATIVE,2409BRN2CY,android 36,RELEASE,1.0.0,S3,API_REQUEST_MS,20,49.751,ms,11.844,2026-09-06T17:39:42.224Z
run_1788716007949,REACT_NATIVE,2409BRN2CY,android 36,RELEASE,1.0.0,S3,API_REQUEST_MS,21,50.779,ms,19.4,2026-09-06T17:39:59.781Z
run_1788716007949,REACT_NATIVE,2409BRN2CY,android 36,RELEASE,1.0.0,S3,API_REQUEST_MS,22,48.855,ms,17.757,2026-09-06T17:40:17.783Z
run_1788716007949,REACT_NATIVE,2409BRN2CY,android 36,RELEASE,1.0.0,S3,API_REQUEST_MS,23,49.228,ms,19.032,2026-09-06T17:40:36.603Z
run_1788716007949,REACT_NATIVE,2409BRN2CY,android 36,RELEASE,1.0.0,S3,API_REQUEST_MS,24,49.6,ms,13.32,2026-09-06T17:40:54.807Z
run_1788716007949,REACT_NATIVE,2409BRN2CY,android 36,RELEASE,1.0.0,S3,API_REQUEST_MS,25,50.954,ms,15.973,2026-09-06T17:41:12.763Z
run_1788716007949,REACT_NATIVE,2409BRN2CY,android 36,RELEASE,1.0.0,S3,API_REQUEST_MS,26,48.812,ms,18.334,2026-09-06T17:41:30.715Z
run_1788716007949,REACT_NATIVE,2409BRN2CY,android 36,RELEASE,1.0.0,S3,API_REQUEST_MS,27,50.288,ms,17.597,2026-09-06T17:41:50.886Z
run_1788716007949,REACT_NATIVE,2409BRN2CY,android 36,RELEASE,1.0.0,S3,API_REQUEST_MS,28,68.182,ms,21.117,2026-09-06T17:42:08.958Z
run_1788716007949,REACT_NATIVE,2409BRN2CY,android 36,RELEASE,1.0.0,S3,API_REQUEST_MS,29,50.12,ms,18.776,2026-09-06T17:42:27.777Z
run_1788716007949,REACT_NATIVE,2409BRN2CY,android 36,RELEASE,1.0.0,S3,API_REQUEST_MS,30,49.873,ms,14.348,2026-09-06T17:42:45.947Z
run_1788716007949,REACT_NATIVE,2409BRN2CY,android 36,RELEASE,1.0.0,S3,RENDER_MS,1,71.777,ms,,2026-09-06T17:33:59.117Z
run_1788716007949,REACT_NATIVE,2409BRN2CY,android 36,RELEASE,1.0.0,S3,RENDER_MS,2,114.897,ms,17.199,2026-09-06T17:33:59.220Z
run_1788716007949,REACT_NATIVE,2409BRN2CY,android 36,RELEASE,1.0.0,S3,RENDER_MS,3,95.198,ms,,2026-09-06T17:34:17.312Z
run_1788716007949,REACT_NATIVE,2409BRN2CY,android 36,RELEASE,1.0.0,S3,RENDER_MS,4,132.5,ms,9.732,2026-09-06T17:34:17.411Z
run_1788716007949,REACT_NATIVE,2409BRN2CY,android 36,RELEASE,1.0.0,S3,RENDER_MS,5,93.159,ms,,2026-09-06T17:34:34.830Z
run_1788716007949,REACT_NATIVE,2409BRN2CY,android 36,RELEASE,1.0.0,S3,RENDER_MS,6,160.967,ms,11.944,2026-09-06T17:34:34.963Z
run_1788716007949,REACT_NATIVE,2409BRN2CY,android 36,RELEASE,1.0.0,S3,RENDER_MS,7,71.273,ms,,2026-09-06T17:34:52.846Z
run_1788716007949,REACT_NATIVE,2409BRN2CY,android 36,RELEASE,1.0.0,S3,RENDER_MS,8,143.462,ms,8.766,2026-09-06T17:34:52.973Z
run_1788716007949,REACT_NATIVE,2409BRN2CY,android 36,RELEASE,1.0.0,S3,RENDER_MS,9,125.028,ms,,2026-09-06T17:35:11.298Z
run_1788716007949,REACT_NATIVE,2409BRN2CY,android 36,RELEASE,1.0.0,S3,RENDER_MS,10,182.037,ms,8.824,2026-09-06T17:35:11.449Z
run_1788716007949,REACT_NATIVE,2409BRN2CY,android 36,RELEASE,1.0.0,S3,RENDER_MS,11,95.285,ms,,2026-09-06T17:35:29.247Z
run_1788716007949,REACT_NATIVE,2409BRN2CY,android 36,RELEASE,1.0.0,S3,RENDER_MS,12,138.986,ms,12.939,2026-09-06T17:35:29.367Z
run_1788716007949,REACT_NATIVE,2409BRN2CY,android 36,RELEASE,1.0.0,S3,RENDER_MS,13,84.681,ms,,2026-09-06T17:35:47.357Z
run_1788716007949,REACT_NATIVE,2409BRN2CY,android 36,RELEASE,1.0.0,S3,RENDER_MS,14,131.072,ms,11.502,2026-09-06T17:35:47.470Z
run_1788716007949,REACT_NATIVE,2409BRN2CY,android 36,RELEASE,1.0.0,S3,RENDER_MS,15,119.162,ms,,2026-09-06T17:36:05.627Z
run_1788716007949,REACT_NATIVE,2409BRN2CY,android 36,RELEASE,1.0.0,S3,RENDER_MS,16,147.557,ms,7.213,2026-09-06T17:36:05.763Z
run_1788716007949,REACT_NATIVE,2409BRN2CY,android 36,RELEASE,1.0.0,S3,RENDER_MS,17,88.869,ms,,2026-09-06T17:36:23.601Z
run_1788716007949,REACT_NATIVE,2409BRN2CY,android 36,RELEASE,1.0.0,S3,RENDER_MS,18,125.506,ms,9.375,2026-09-06T17:36:23.710Z
run_1788716007949,REACT_NATIVE,2409BRN2CY,android 36,RELEASE,1.0.0,S3,RENDER_MS,19,88.193,ms,,2026-09-06T17:36:41.605Z
run_1788716007949,REACT_NATIVE,2409BRN2CY,android 36,RELEASE,1.0.0,S3,RENDER_MS,20,143.856,ms,19.557,2026-09-06T17:36:41.731Z
run_1788716007949,REACT_NATIVE,2409BRN2CY,android 36,RELEASE,1.0.0,S3,RENDER_MS,21,90.349,ms,,2026-09-06T17:36:59.777Z
run_1788716007949,REACT_NATIVE,2409BRN2CY,android 36,RELEASE,1.0.0,S3,RENDER_MS,22,132.315,ms,14.833,2026-09-06T17:36:59.897Z
run_1788716007949,REACT_NATIVE,2409BRN2CY,android 36,RELEASE,1.0.0,S3,RENDER_MS,23,95.467,ms,,2026-09-06T17:37:17.753Z
run_1788716007949,REACT_NATIVE,2409BRN2CY,android 36,RELEASE,1.0.0,S3,RENDER_MS,24,132.163,ms,12.144,2026-09-06T17:37:17.856Z
run_1788716007949,REACT_NATIVE,2409BRN2CY,android 36,RELEASE,1.0.0,S3,RENDER_MS,25,91.456,ms,,2026-09-06T17:37:35.887Z
run_1788716007949,REACT_NATIVE,2409BRN2CY,android 36,RELEASE,1.0.0,S3,RENDER_MS,26,131.921,ms,9.648,2026-09-06T17:37:35.994Z
run_1788716007949,REACT_NATIVE,2409BRN2CY,android 36,RELEASE,1.0.0,S3,RENDER_MS,27,90.766,ms,,2026-09-06T17:37:53.475Z
run_1788716007949,REACT_NATIVE,2409BRN2CY,android 36,RELEASE,1.0.0,S3,RENDER_MS,28,139.161,ms,18.944,2026-09-06T17:37:53.599Z
run_1788716007949,REACT_NATIVE,2409BRN2CY,android 36,RELEASE,1.0.0,S3,RENDER_MS,29,101.223,ms,,2026-09-06T17:38:11.639Z
run_1788716007949,REACT_NATIVE,2409BRN2CY,android 36,RELEASE,1.0.0,S3,RENDER_MS,30,137.456,ms,13.275,2026-09-06T17:38:11.754Z
run_1788716007949,REACT_NATIVE,2409BRN2CY,android 36,RELEASE,1.0.0,S3,RENDER_MS,31,113.387,ms,,2026-09-06T17:38:30.121Z
run_1788716007949,REACT_NATIVE,2409BRN2CY,android 36,RELEASE,1.0.0,S3,RENDER_MS,32,133.103,ms,16.617,2026-09-06T17:38:30.223Z
run_1788716007949,REACT_NATIVE,2409BRN2CY,android 36,RELEASE,1.0.0,S3,RENDER_MS,33,119.938,ms,,2026-09-06T17:38:47.265Z
run_1788716007949,REACT_NATIVE,2409BRN2CY,android 36,RELEASE,1.0.0,S3,RENDER_MS,34,133.852,ms,15.407,2026-09-06T17:38:47.378Z
run_1788716007949,REACT_NATIVE,2409BRN2CY,android 36,RELEASE,1.0.0,S3,RENDER_MS,35,85.278,ms,,2026-09-06T17:39:06.019Z
run_1788716007949,REACT_NATIVE,2409BRN2CY,android 36,RELEASE,1.0.0,S3,RENDER_MS,36,111.738,ms,16.63,2026-09-06T17:39:06.120Z
run_1788716007949,REACT_NATIVE,2409BRN2CY,android 36,RELEASE,1.0.0,S3,RENDER_MS,37,90.279,ms,,2026-09-06T17:39:24.860Z
run_1788716007949,REACT_NATIVE,2409BRN2CY,android 36,RELEASE,1.0.0,S3,RENDER_MS,38,125.51,ms,12.927,2026-09-06T17:39:24.969Z
run_1788716007949,REACT_NATIVE,2409BRN2CY,android 36,RELEASE,1.0.0,S3,RENDER_MS,39,94.292,ms,,2026-09-06T17:39:42.319Z
run_1788716007949,REACT_NATIVE,2409BRN2CY,android 36,RELEASE,1.0.0,S3,RENDER_MS,40,162.549,ms,22.233,2026-09-06T17:39:42.451Z
run_1788716007949,REACT_NATIVE,2409BRN2CY,android 36,RELEASE,1.0.0,S3,RENDER_MS,41,91.943,ms,,2026-09-06T17:39:59.873Z
run_1788716007949,REACT_NATIVE,2409BRN2CY,android 36,RELEASE,1.0.0,S3,RENDER_MS,42,140.265,ms,16.017,2026-09-06T17:39:59.994Z
run_1788716007949,REACT_NATIVE,2409BRN2CY,android 36,RELEASE,1.0.0,S3,RENDER_MS,43,91.96,ms,,2026-09-06T17:40:17.875Z
run_1788716007949,REACT_NATIVE,2409BRN2CY,android 36,RELEASE,1.0.0,S3,RENDER_MS,44,147.877,ms,15.57,2026-09-06T17:40:17.997Z
run_1788716007949,REACT_NATIVE,2409BRN2CY,android 36,RELEASE,1.0.0,S3,RENDER_MS,45,75.229,ms,,2026-09-06T17:40:36.678Z
run_1788716007949,REACT_NATIVE,2409BRN2CY,android 36,RELEASE,1.0.0,S3,RENDER_MS,46,155.872,ms,9.393,2026-09-06T17:40:36.818Z
run_1788716007949,REACT_NATIVE,2409BRN2CY,android 36,RELEASE,1.0.0,S3,RENDER_MS,47,97.396,ms,,2026-09-06T17:40:54.905Z
run_1788716007949,REACT_NATIVE,2409BRN2CY,android 36,RELEASE,1.0.0,S3,RENDER_MS,48,155.497,ms,10.894,2026-09-06T17:40:55.038Z
run_1788716007949,REACT_NATIVE,2409BRN2CY,android 36,RELEASE,1.0.0,S3,RENDER_MS,49,86.506,ms,,2026-09-06T17:41:12.850Z
run_1788716007949,REACT_NATIVE,2409BRN2CY,android 36,RELEASE,1.0.0,S3,RENDER_MS,50,156.871,ms,14.012,2026-09-06T17:41:12.991Z
run_1788716007949,REACT_NATIVE,2409BRN2CY,android 36,RELEASE,1.0.0,S3,RENDER_MS,51,88.586,ms,,2026-09-06T17:41:30.804Z
run_1788716007949,REACT_NATIVE,2409BRN2CY,android 36,RELEASE,1.0.0,S3,RENDER_MS,52,131.16,ms,12.985,2026-09-06T17:41:30.919Z
run_1788716007949,REACT_NATIVE,2409BRN2CY,android 36,RELEASE,1.0.0,S3,RENDER_MS,53,86.025,ms,,2026-09-06T17:41:50.972Z
run_1788716007949,REACT_NATIVE,2409BRN2CY,android 36,RELEASE,1.0.0,S3,RENDER_MS,54,141.797,ms,13.659,2026-09-06T17:41:51.100Z
run_1788716007949,REACT_NATIVE,2409BRN2CY,android 36,RELEASE,1.0.0,S3,RENDER_MS,55,85.099,ms,,2026-09-06T17:42:09.043Z
run_1788716007949,REACT_NATIVE,2409BRN2CY,android 36,RELEASE,1.0.0,S3,RENDER_MS,56,126.581,ms,13.812,2026-09-06T17:42:09.153Z
run_1788716007949,REACT_NATIVE,2409BRN2CY,android 36,RELEASE,1.0.0,S3,RENDER_MS,57,87.211,ms,,2026-09-06T17:42:27.864Z
run_1788716007949,REACT_NATIVE,2409BRN2CY,android 36,RELEASE,1.0.0,S3,RENDER_MS,58,127.472,ms,20.689,2026-09-06T17:42:27.979Z
run_1788716007949,REACT_NATIVE,2409BRN2CY,android 36,RELEASE,1.0.0,S3,RENDER_MS,59,87.422,ms,,2026-09-06T17:42:46.035Z
run_1788716007949,REACT_NATIVE,2409BRN2CY,android 36,RELEASE,1.0.0,S3,RENDER_MS,60,140.603,ms,13.699,2026-09-06T17:42:46.162Z
run_1788716982017,IONIC,nieznane,android,RELEASE,1.0.0,S1,STARTUP_MS,1,600,ms,9.492,2026-09-06T17:49:42.617Z
run_1788716898793,IONIC,nieznane,android,RELEASE,1.0.0,S1,STARTUP_MS,1,546.7,ms,46.64,2026-09-06T17:48:19.340Z
run_1788716909455,IONIC,nieznane,android,RELEASE,1.0.0,S1,STARTUP_MS,1,573,ms,22.515,2026-09-06T17:48:30.028Z
run_1788716918274,IONIC,nieznane,android,RELEASE,1.0.0,S1,STARTUP_MS,1,576.9,ms,12.018,2026-09-06T17:48:38.852Z
run_1788716927159,IONIC,nieznane,android,RELEASE,1.0.0,S1,STARTUP_MS,1,589.4,ms,18.815,2026-09-06T17:48:47.749Z
run_1788716935968,IONIC,nieznane,android,RELEASE,1.0.0,S1,STARTUP_MS,1,587.6,ms,22.141,2026-09-06T17:48:56.556Z
run_1788716945433,IONIC,nieznane,android,RELEASE,1.0.0,S1,STARTUP_MS,1,586.9,ms,12.175,2026-09-06T17:49:06.021Z
run_1788716954979,IONIC,nieznane,android,RELEASE,1.0.0,S1,STARTUP_MS,1,576.6,ms,16.748,2026-09-06T17:49:15.556Z
run_1788716963686,IONIC,nieznane,android,RELEASE,1.0.0,S1,STARTUP_MS,1,586.9,ms,11.444,2026-09-06T17:49:24.273Z
run_1788716972797,IONIC,nieznane,android,RELEASE,1.0.0,S1,STARTUP_MS,1,666.2,ms,9.465,2026-09-06T17:49:33.464Z
run_1788717850344,IONIC,nieznane,android,RELEASE,1.0.0,S1,STARTUP_MS,1,568.3,ms,41.297,2026-09-06T18:04:10.913Z
run_1788716999979,IONIC,nieznane,android,RELEASE,1.0.0,S1,STARTUP_MS,1,671.2,ms,12.334,2026-09-06T17:50:00.651Z
run_1788717008883,IONIC,nieznane,android,RELEASE,1.0.0,S1,STARTUP_MS,1,544.4,ms,15.393,2026-09-06T17:50:09.428Z
run_1788717017716,IONIC,nieznane,android,RELEASE,1.0.0,S1,STARTUP_MS,1,552.9,ms,12.125,2026-09-06T17:50:18.270Z
run_1788717026690,IONIC,nieznane,android,RELEASE,1.0.0,S1,STARTUP_MS,1,558.6,ms,21.108,2026-09-06T17:50:27.249Z
run_1788717035432,IONIC,nieznane,android,RELEASE,1.0.0,S1,STARTUP_MS,1,553.5,ms,12.437,2026-09-06T17:50:35.986Z
run_1788717044376,IONIC,nieznane,android,RELEASE,1.0.0,S1,STARTUP_MS,1,536.2,ms,15.492,2026-09-06T17:50:44.912Z
run_1788717053691,IONIC,nieznane,android,RELEASE,1.0.0,S1,STARTUP_MS,1,567.9,ms,9.587,2026-09-06T17:50:54.259Z
run_1788717062860,IONIC,nieznane,android,RELEASE,1.0.0,S1,STARTUP_MS,1,602,ms,16.201,2026-09-06T17:51:03.462Z
run_1788717071907,IONIC,nieznane,android,RELEASE,1.0.0,S1,STARTUP_MS,1,543.7,ms,11.43,2026-09-06T17:51:12.451Z
run_1788717080882,IONIC,nieznane,android,RELEASE,1.0.0,S1,STARTUP_MS,1,608.9,ms,12.117,2026-09-06T17:51:21.492Z
run_1788717090380,IONIC,nieznane,android,RELEASE,1.0.0,S1,STARTUP_MS,1,629.1,ms,31.311,2026-09-06T17:51:31.010Z
run_1788717099069,IONIC,nieznane,android,RELEASE,1.0.0,S1,STARTUP_MS,1,575.5,ms,30.037,2026-09-06T17:51:39.645Z
run_1788717107940,IONIC,nieznane,android,RELEASE,1.0.0,S1,STARTUP_MS,1,545,ms,88.794,2026-09-06T17:51:48.486Z
run_1788717117181,IONIC,nieznane,android,RELEASE,1.0.0,S1,STARTUP_MS,1,551.1,ms,13.15,2026-09-06T17:51:57.733Z
run_1788717127596,IONIC,nieznane,android,RELEASE,1.0.0,S1,STARTUP_MS,1,579.4,ms,22.523,2026-09-06T17:52:08.176Z
run_1788717137151,IONIC,nieznane,android,RELEASE,1.0.0,S1,STARTUP_MS,1,589,ms,22.704,2026-09-06T17:52:17.741Z
run_1788717146642,IONIC,nieznane,android,RELEASE,1.0.0,S1,STARTUP_MS,1,597.9,ms,16.611,2026-09-06T17:52:27.240Z
run_1788717155764,IONIC,nieznane,android,RELEASE,1.0.0,S1,STARTUP_MS,1,628.5,ms,8.527,2026-09-06T17:52:36.393Z
run_1788717164637,IONIC,nieznane,android,RELEASE,1.0.0,S1,STARTUP_MS,1,539.6,ms,16.096,2026-09-06T17:52:45.176Z
run_1788717298472,IONIC,nieznane,android,RELEASE,1.0.0,S1,STARTUP_MS,1,544.7,ms,25.361,2026-09-06T17:54:59.017Z
run_1788716991035,IONIC,nieznane,android,RELEASE,1.0.0,S1,STARTUP_MS,1,552.7,ms,9.321,2026-09-06T17:49:51.588Z
run_1788717850344,IONIC,nieznane,android,RELEASE,1.0.0,S2,UI_RESPONSE_MS,1,270.3,ms,38.424,2026-09-06T18:04:30.659Z
run_1788717298472,IONIC,nieznane,android,RELEASE,1.0.0,S2,UI_RESPONSE_MS,1,289.7,ms,12.743,2026-09-06T17:55:02.827Z
run_1788717298472,IONIC,nieznane,android,RELEASE,1.0.0,S2,UI_RESPONSE_MS,2,175.3,ms,10.272,2026-09-06T17:55:10.790Z
run_1788717850344,IONIC,nieznane,android,RELEASE,1.0.0,S2,UI_RESPONSE_MS,2,172.6,ms,9.718,2026-09-06T18:04:47.606Z
run_1788717850344,IONIC,nieznane,android,RELEASE,1.0.0,S2,UI_RESPONSE_MS,3,160.6,ms,15.985,2026-09-06T18:05:07.141Z
run_1788717298472,IONIC,nieznane,android,RELEASE,1.0.0,S2,UI_RESPONSE_MS,3,163.4,ms,6.147,2026-09-06T17:55:18.488Z
run_1788717850344,IONIC,nieznane,android,RELEASE,1.0.0,S2,UI_RESPONSE_MS,4,166.5,ms,6.64,2026-09-06T18:05:25.726Z
run_1788717298472,IONIC,nieznane,android,RELEASE,1.0.0,S2,UI_RESPONSE_MS,4,122,ms,8.235,2026-09-06T17:55:25.791Z
run_1788717298472,IONIC,nieznane,android,RELEASE,1.0.0,S2,UI_RESPONSE_MS,5,167.7,ms,12.994,2026-09-06T17:55:34.835Z
run_1788717850344,IONIC,nieznane,android,RELEASE,1.0.0,S2,UI_RESPONSE_MS,5,150.2,ms,2.744,2026-09-06T18:05:43.691Z
run_1788717850344,IONIC,nieznane,android,RELEASE,1.0.0,S2,UI_RESPONSE_MS,6,165.2,ms,7.55,2026-09-06T18:06:01.510Z
run_1788717298472,IONIC,nieznane,android,RELEASE,1.0.0,S2,UI_RESPONSE_MS,6,148.1,ms,20.399,2026-09-06T17:55:43.851Z
run_1788717298472,IONIC,nieznane,android,RELEASE,1.0.0,S2,UI_RESPONSE_MS,7,160.9,ms,17.705,2026-09-06T17:55:53.422Z
run_1788717850344,IONIC,nieznane,android,RELEASE,1.0.0,S2,UI_RESPONSE_MS,7,165.2,ms,48.952,2026-09-06T18:06:20.930Z
run_1788717298472,IONIC,nieznane,android,RELEASE,1.0.0,S2,UI_RESPONSE_MS,8,174.4,ms,12.577,2026-09-06T17:56:02.070Z
run_1788717850344,IONIC,nieznane,android,RELEASE,1.0.0,S2,UI_RESPONSE_MS,8,148,ms,9.319,2026-09-06T18:06:37.124Z
run_1788717850344,IONIC,nieznane,android,RELEASE,1.0.0,S2,UI_RESPONSE_MS,9,133.2,ms,5.444,2026-09-06T18:06:54.998Z
run_1788717298472,IONIC,nieznane,android,RELEASE,1.0.0,S2,UI_RESPONSE_MS,9,162.8,ms,10.267,2026-09-06T17:56:10.661Z
run_1788717298472,IONIC,nieznane,android,RELEASE,1.0.0,S2,UI_RESPONSE_MS,10,147.7,ms,9.704,2026-09-06T17:56:19.721Z
run_1788717850344,IONIC,nieznane,android,RELEASE,1.0.0,S2,UI_RESPONSE_MS,10,150.6,ms,16.362,2026-09-06T18:07:13.847Z
run_1788717298472,IONIC,nieznane,android,RELEASE,1.0.0,S2,UI_RESPONSE_MS,11,164.1,ms,12.348,2026-09-06T17:56:28.681Z
run_1788717850344,IONIC,nieznane,android,RELEASE,1.0.0,S2,UI_RESPONSE_MS,11,150.6,ms,17.22,2026-09-06T18:07:31.070Z
run_1788717298472,IONIC,nieznane,android,RELEASE,1.0.0,S2,UI_RESPONSE_MS,12,174.6,ms,13.276,2026-09-06T17:56:37.976Z
run_1788717850344,IONIC,nieznane,android,RELEASE,1.0.0,S2,UI_RESPONSE_MS,12,138.6,ms,8.655,2026-09-06T18:07:47.256Z
run_1788717850344,IONIC,nieznane,android,RELEASE,1.0.0,S2,UI_RESPONSE_MS,13,152.8,ms,15.38,2026-09-06T18:08:04.746Z
run_1788717298472,IONIC,nieznane,android,RELEASE,1.0.0,S2,UI_RESPONSE_MS,13,146.1,ms,13.206,2026-09-06T17:56:46.601Z
run_1788717298472,IONIC,nieznane,android,RELEASE,1.0.0,S2,UI_RESPONSE_MS,14,163.9,ms,9.947,2026-09-06T17:56:56.512Z
run_1788717850344,IONIC,nieznane,android,RELEASE,1.0.0,S2,UI_RESPONSE_MS,14,156.9,ms,5.344,2026-09-06T18:08:23.535Z
run_1788717298472,IONIC,nieznane,android,RELEASE,1.0.0,S2,UI_RESPONSE_MS,15,138.6,ms,15.258,2026-09-06T17:57:05.371Z
run_1788717850344,IONIC,nieznane,android,RELEASE,1.0.0,S2,UI_RESPONSE_MS,15,167.8,ms,10.803,2026-09-06T18:08:40.918Z
run_1788717850344,IONIC,nieznane,android,RELEASE,1.0.0,S2,UI_RESPONSE_MS,16,162.2,ms,14.752,2026-09-06T18:08:59.004Z
run_1788717298472,IONIC,nieznane,android,RELEASE,1.0.0,S2,UI_RESPONSE_MS,16,170.6,ms,3.065,2026-09-06T17:57:13.750Z
run_1788717850344,IONIC,nieznane,android,RELEASE,1.0.0,S2,UI_RESPONSE_MS,17,161.2,ms,13.669,2026-09-06T18:09:16.709Z
run_1788717298472,IONIC,nieznane,android,RELEASE,1.0.0,S2,UI_RESPONSE_MS,17,148,ms,14.902,2026-09-06T17:57:20.881Z
run_1788717850344,IONIC,nieznane,android,RELEASE,1.0.0,S2,UI_RESPONSE_MS,18,137.2,ms,9.212,2026-09-06T18:09:36.921Z
run_1788717298472,IONIC,nieznane,android,RELEASE,1.0.0,S2,UI_RESPONSE_MS,18,136.5,ms,7.642,2026-09-06T17:57:29.423Z
run_1788717850344,IONIC,nieznane,android,RELEASE,1.0.0,S2,UI_RESPONSE_MS,19,137.7,ms,8.61,2026-09-06T18:09:52.690Z
run_1788717298472,IONIC,nieznane,android,RELEASE,1.0.0,S2,UI_RESPONSE_MS,19,165.6,ms,14.336,2026-09-06T17:57:38.668Z
run_1788717850344,IONIC,nieznane,android,RELEASE,1.0.0,S2,UI_RESPONSE_MS,20,151.8,ms,10.202,2026-09-06T18:10:11.443Z
run_1788717298472,IONIC,nieznane,android,RELEASE,1.0.0,S2,UI_RESPONSE_MS,20,148.3,ms,21.402,2026-09-06T17:57:47.727Z
run_1788717850344,IONIC,nieznane,android,RELEASE,1.0.0,S2,UI_RESPONSE_MS,21,155.3,ms,9.626,2026-09-06T18:10:28.025Z
run_1788717298472,IONIC,nieznane,android,RELEASE,1.0.0,S2,UI_RESPONSE_MS,21,164.5,ms,10.226,2026-09-06T17:57:55.421Z
run_1788717850344,IONIC,nieznane,android,RELEASE,1.0.0,S2,UI_RESPONSE_MS,22,160.1,ms,50.777,2026-09-06T18:10:48.228Z
run_1788717298472,IONIC,nieznane,android,RELEASE,1.0.0,S2,UI_RESPONSE_MS,22,156.8,ms,2.949,2026-09-06T17:58:04.281Z
run_1788717298472,IONIC,nieznane,android,RELEASE,1.0.0,S2,UI_RESPONSE_MS,23,160.2,ms,9.92,2026-09-06T17:58:12.516Z
run_1788717850344,IONIC,nieznane,android,RELEASE,1.0.0,S2,UI_RESPONSE_MS,23,152,ms,15.022,2026-09-06T18:11:06.009Z
run_1788717298472,IONIC,nieznane,android,RELEASE,1.0.0,S2,UI_RESPONSE_MS,24,163.6,ms,13.217,2026-09-06T17:58:20.804Z
run_1788717850344,IONIC,nieznane,android,RELEASE,1.0.0,S2,UI_RESPONSE_MS,24,177.4,ms,6.501,2026-09-06T18:11:24.536Z
run_1788717298472,IONIC,nieznane,android,RELEASE,1.0.0,S2,UI_RESPONSE_MS,25,160.7,ms,12.363,2026-09-06T17:58:28.930Z
run_1788717850344,IONIC,nieznane,android,RELEASE,1.0.0,S2,UI_RESPONSE_MS,25,160.5,ms,12.499,2026-09-06T18:11:42.245Z
run_1788717298472,IONIC,nieznane,android,RELEASE,1.0.0,S2,UI_RESPONSE_MS,26,146.1,ms,5.911,2026-09-06T17:58:38.357Z
run_1788717850344,IONIC,nieznane,android,RELEASE,1.0.0,S2,UI_RESPONSE_MS,26,145.1,ms,3.067,2026-09-06T18:12:00.081Z
run_1788717850344,IONIC,nieznane,android,RELEASE,1.0.0,S2,UI_RESPONSE_MS,27,156.1,ms,11.414,2026-09-06T18:12:18.521Z
run_1788717298472,IONIC,nieznane,android,RELEASE,1.0.0,S2,UI_RESPONSE_MS,27,159,ms,18.428,2026-09-06T17:58:47.485Z
run_1788717850344,IONIC,nieznane,android,RELEASE,1.0.0,S2,UI_RESPONSE_MS,28,162,ms,9.407,2026-09-06T18:12:36.853Z
run_1788717298472,IONIC,nieznane,android,RELEASE,1.0.0,S2,UI_RESPONSE_MS,28,159.4,ms,9.925,2026-09-06T17:58:56.545Z
run_1788717850344,IONIC,nieznane,android,RELEASE,1.0.0,S2,UI_RESPONSE_MS,29,144.3,ms,7.244,2026-09-06T18:12:54.842Z
run_1788717298472,IONIC,nieznane,android,RELEASE,1.0.0,S2,UI_RESPONSE_MS,29,167.6,ms,19.732,2026-09-06T17:59:05.893Z
run_1788717298472,IONIC,nieznane,android,RELEASE,1.0.0,S2,UI_RESPONSE_MS,30,148.9,ms,12.181,2026-09-06T17:59:13.938Z
run_1788717850344,IONIC,nieznane,android,RELEASE,1.0.0,S2,UI_RESPONSE_MS,30,136.6,ms,10.419,2026-09-06T18:13:11.602Z
run_1788717850344,IONIC,nieznane,android,RELEASE,1.0.0,S3,UI_RESPONSE_MS,1,0.1,ms,,2026-09-06T18:04:39.714Z
run_1788717850344,IONIC,nieznane,android,RELEASE,1.0.0,S3,UI_RESPONSE_MS,2,0.1,ms,,2026-09-06T18:04:56.192Z
run_1788717850344,IONIC,nieznane,android,RELEASE,1.0.0,S3,UI_RESPONSE_MS,3,0.1,ms,,2026-09-06T18:05:15.804Z
run_1788717850344,IONIC,nieznane,android,RELEASE,1.0.0,S3,UI_RESPONSE_MS,4,0.1,ms,,2026-09-06T18:05:34.017Z
run_1788717850344,IONIC,nieznane,android,RELEASE,1.0.0,S3,UI_RESPONSE_MS,5,0.2,ms,,2026-09-06T18:05:52.181Z
run_1788717850344,IONIC,nieznane,android,RELEASE,1.0.0,S3,UI_RESPONSE_MS,6,0.2,ms,,2026-09-06T18:06:10.383Z
run_1788717850344,IONIC,nieznane,android,RELEASE,1.0.0,S3,UI_RESPONSE_MS,7,0.2,ms,,2026-09-06T18:06:29.176Z
run_1788717850344,IONIC,nieznane,android,RELEASE,1.0.0,S3,UI_RESPONSE_MS,8,0.2,ms,,2026-09-06T18:06:45.719Z
run_1788717850344,IONIC,nieznane,android,RELEASE,1.0.0,S3,UI_RESPONSE_MS,9,0.2,ms,,2026-09-06T18:07:04.396Z
run_1788717850344,IONIC,nieznane,android,RELEASE,1.0.0,S3,UI_RESPONSE_MS,10,0.2,ms,,2026-09-06T18:07:22.075Z
run_1788717850344,IONIC,nieznane,android,RELEASE,1.0.0,S3,UI_RESPONSE_MS,11,0.1,ms,,2026-09-06T18:07:38.904Z
run_1788717850344,IONIC,nieznane,android,RELEASE,1.0.0,S3,UI_RESPONSE_MS,12,0,ms,,2026-09-06T18:07:55.572Z
run_1788717850344,IONIC,nieznane,android,RELEASE,1.0.0,S3,UI_RESPONSE_MS,13,0,ms,,2026-09-06T18:08:13.720Z
run_1788717850344,IONIC,nieznane,android,RELEASE,1.0.0,S3,UI_RESPONSE_MS,14,0.1,ms,,2026-09-06T18:08:31.445Z
run_1788717850344,IONIC,nieznane,android,RELEASE,1.0.0,S3,UI_RESPONSE_MS,15,0.3,ms,,2026-09-06T18:08:50.006Z
run_1788717850344,IONIC,nieznane,android,RELEASE,1.0.0,S3,UI_RESPONSE_MS,16,0.1,ms,,2026-09-06T18:09:07.494Z
run_1788717850344,IONIC,nieznane,android,RELEASE,1.0.0,S3,UI_RESPONSE_MS,17,0,ms,,2026-09-06T18:09:27.588Z
run_1788717850344,IONIC,nieznane,android,RELEASE,1.0.0,S3,UI_RESPONSE_MS,18,0.1,ms,,2026-09-06T18:09:45.156Z
run_1788717850344,IONIC,nieznane,android,RELEASE,1.0.0,S3,UI_RESPONSE_MS,19,0,ms,,2026-09-06T18:10:01.408Z
run_1788717850344,IONIC,nieznane,android,RELEASE,1.0.0,S3,UI_RESPONSE_MS,20,0,ms,,2026-09-06T18:10:20.153Z
run_1788717850344,IONIC,nieznane,android,RELEASE,1.0.0,S3,UI_RESPONSE_MS,21,0,ms,,2026-09-06T18:10:36.500Z
run_1788717850344,IONIC,nieznane,android,RELEASE,1.0.0,S3,UI_RESPONSE_MS,22,0.1,ms,,2026-09-06T18:10:56.510Z
run_1788717850344,IONIC,nieznane,android,RELEASE,1.0.0,S3,UI_RESPONSE_MS,23,0,ms,,2026-09-06T18:11:14.557Z
run_1788717850344,IONIC,nieznane,android,RELEASE,1.0.0,S3,UI_RESPONSE_MS,24,0,ms,,2026-09-06T18:11:32.723Z
run_1788717850344,IONIC,nieznane,android,RELEASE,1.0.0,S3,UI_RESPONSE_MS,25,0.1,ms,,2026-09-06T18:11:52.129Z
run_1788717850344,IONIC,nieznane,android,RELEASE,1.0.0,S3,UI_RESPONSE_MS,26,0,ms,,2026-09-06T18:12:09.457Z
run_1788717850344,IONIC,nieznane,android,RELEASE,1.0.0,S3,UI_RESPONSE_MS,27,0,ms,,2026-09-06T18:12:27.040Z
run_1788717850344,IONIC,nieznane,android,RELEASE,1.0.0,S3,UI_RESPONSE_MS,28,0,ms,,2026-09-06T18:12:45.766Z
run_1788717850344,IONIC,nieznane,android,RELEASE,1.0.0,S3,UI_RESPONSE_MS,29,0,ms,,2026-09-06T18:13:02.334Z
run_1788717850344,IONIC,nieznane,android,RELEASE,1.0.0,S3,UI_RESPONSE_MS,30,0.1,ms,,2026-09-06T18:13:19.349Z
run_1788717850344,IONIC,nieznane,android,RELEASE,1.0.0,S3,API_REQUEST_MS,1,66.7,ms,36.151,2026-09-06T18:04:39.714Z
run_1788717850344,IONIC,nieznane,android,RELEASE,1.0.0,S3,API_REQUEST_MS,2,44.8,ms,17.168,2026-09-06T18:04:56.193Z
run_1788717850344,IONIC,nieznane,android,RELEASE,1.0.0,S3,API_REQUEST_MS,3,47.4,ms,22.989,2026-09-06T18:05:15.805Z
run_1788717850344,IONIC,nieznane,android,RELEASE,1.0.0,S3,API_REQUEST_MS,4,45.1,ms,21.786,2026-09-06T18:05:34.017Z
run_1788717850344,IONIC,nieznane,android,RELEASE,1.0.0,S3,API_REQUEST_MS,5,38.3,ms,16.262,2026-09-06T18:05:52.182Z
run_1788717850344,IONIC,nieznane,android,RELEASE,1.0.0,S3,API_REQUEST_MS,6,41.5,ms,20.703,2026-09-06T18:06:10.383Z
run_1788717850344,IONIC,nieznane,android,RELEASE,1.0.0,S3,API_REQUEST_MS,7,37,ms,18.944,2026-09-06T18:06:29.176Z
run_1788717850344,IONIC,nieznane,android,RELEASE,1.0.0,S3,API_REQUEST_MS,8,22.7,ms,7.846,2026-09-06T18:06:45.719Z
run_1788717850344,IONIC,nieznane,android,RELEASE,1.0.0,S3,API_REQUEST_MS,9,43.4,ms,22.658,2026-09-06T18:07:04.396Z
run_1788717850344,IONIC,nieznane,android,RELEASE,1.0.0,S3,API_REQUEST_MS,10,42.2,ms,20.831,2026-09-06T18:07:22.075Z
run_1788717850344,IONIC,nieznane,android,RELEASE,1.0.0,S3,API_REQUEST_MS,11,40.8,ms,22.999,2026-09-06T18:07:38.904Z
run_1788717850344,IONIC,nieznane,android,RELEASE,1.0.0,S3,API_REQUEST_MS,12,36.9,ms,16.321,2026-09-06T18:07:55.572Z
run_1788717850344,IONIC,nieznane,android,RELEASE,1.0.0,S3,API_REQUEST_MS,13,31.9,ms,14.08,2026-09-06T18:08:13.720Z
run_1788717850344,IONIC,nieznane,android,RELEASE,1.0.0,S3,API_REQUEST_MS,14,33.5,ms,13.925,2026-09-06T18:08:31.445Z
run_1788717850344,IONIC,nieznane,android,RELEASE,1.0.0,S3,API_REQUEST_MS,15,30.2,ms,12.357,2026-09-06T18:08:50.006Z
run_1788717850344,IONIC,nieznane,android,RELEASE,1.0.0,S3,API_REQUEST_MS,16,50.3,ms,26.933,2026-09-06T18:09:07.494Z
run_1788717850344,IONIC,nieznane,android,RELEASE,1.0.0,S3,API_REQUEST_MS,17,72.4,ms,50.284,2026-09-06T18:09:27.588Z
run_1788717850344,IONIC,nieznane,android,RELEASE,1.0.0,S3,API_REQUEST_MS,18,40.6,ms,17.436,2026-09-06T18:09:45.156Z
run_1788717850344,IONIC,nieznane,android,RELEASE,1.0.0,S3,API_REQUEST_MS,19,39.1,ms,18.698,2026-09-06T18:10:01.408Z
run_1788717850344,IONIC,nieznane,android,RELEASE,1.0.0,S3,API_REQUEST_MS,20,27.8,ms,12.575,2026-09-06T18:10:20.153Z
run_1788717850344,IONIC,nieznane,android,RELEASE,1.0.0,S3,API_REQUEST_MS,21,57.4,ms,35.376,2026-09-06T18:10:36.500Z
run_1788717850344,IONIC,nieznane,android,RELEASE,1.0.0,S3,API_REQUEST_MS,22,53.3,ms,28.813,2026-09-06T18:10:56.510Z
run_1788717850344,IONIC,nieznane,android,RELEASE,1.0.0,S3,API_REQUEST_MS,23,40.1,ms,18.802,2026-09-06T18:11:14.557Z
run_1788717850344,IONIC,nieznane,android,RELEASE,1.0.0,S3,API_REQUEST_MS,24,43.7,ms,19.168,2026-09-06T18:11:32.723Z
run_1788717850344,IONIC,nieznane,android,RELEASE,1.0.0,S3,API_REQUEST_MS,25,54,ms,28.367,2026-09-06T18:11:52.129Z
run_1788717850344,IONIC,nieznane,android,RELEASE,1.0.0,S3,API_REQUEST_MS,26,62.5,ms,25.596,2026-09-06T18:12:09.457Z
run_1788717850344,IONIC,nieznane,android,RELEASE,1.0.0,S3,API_REQUEST_MS,27,48.1,ms,30.404,2026-09-06T18:12:27.040Z
run_1788717850344,IONIC,nieznane,android,RELEASE,1.0.0,S3,API_REQUEST_MS,28,31.9,ms,12.69,2026-09-06T18:12:45.766Z
run_1788717850344,IONIC,nieznane,android,RELEASE,1.0.0,S3,API_REQUEST_MS,29,57.3,ms,29.601,2026-09-06T18:13:02.335Z
run_1788717850344,IONIC,nieznane,android,RELEASE,1.0.0,S3,API_REQUEST_MS,30,49.4,ms,25.492,2026-09-06T18:13:19.350Z
run_1788717850344,IONIC,nieznane,android,RELEASE,1.0.0,S3,RENDER_MS,1,72.6,ms,,2026-09-06T18:04:39.786Z
run_1788717850344,IONIC,nieznane,android,RELEASE,1.0.0,S3,RENDER_MS,2,145.7,ms,14.854,2026-09-06T18:04:39.896Z
run_1788717850344,IONIC,nieznane,android,RELEASE,1.0.0,S3,RENDER_MS,3,73.9,ms,,2026-09-06T18:04:56.266Z
run_1788717850344,IONIC,nieznane,android,RELEASE,1.0.0,S3,RENDER_MS,4,85.1,ms,17.266,2026-09-06T18:04:56.310Z
run_1788717850344,IONIC,nieznane,android,RELEASE,1.0.0,S3,RENDER_MS,5,84,ms,,2026-09-06T18:05:15.889Z
run_1788717850344,IONIC,nieznane,android,RELEASE,1.0.0,S3,RENDER_MS,6,96.6,ms,25.085,2026-09-06T18:05:15.943Z
run_1788717850344,IONIC,nieznane,android,RELEASE,1.0.0,S3,RENDER_MS,7,86.8,ms,,2026-09-06T18:05:34.104Z
run_1788717850344,IONIC,nieznane,android,RELEASE,1.0.0,S3,RENDER_MS,8,78,ms,9.024,2026-09-06T18:05:34.140Z
run_1788717850344,IONIC,nieznane,android,RELEASE,1.0.0,S3,RENDER_MS,9,64.4,ms,,2026-09-06T18:05:52.246Z
run_1788717850344,IONIC,nieznane,android,RELEASE,1.0.0,S3,RENDER_MS,10,64,ms,12.593,2026-09-06T18:05:52.283Z
run_1788717850344,IONIC,nieznane,android,RELEASE,1.0.0,S3,RENDER_MS,11,67.5,ms,,2026-09-06T18:06:10.451Z
run_1788717850344,IONIC,nieznane,android,RELEASE,1.0.0,S3,RENDER_MS,12,155.8,ms,30.045,2026-09-06T18:06:10.573Z
run_1788717850344,IONIC,nieznane,android,RELEASE,1.0.0,S3,RENDER_MS,13,79.5,ms,,2026-09-06T18:06:29.255Z
run_1788717850344,IONIC,nieznane,android,RELEASE,1.0.0,S3,RENDER_MS,14,97.3,ms,21.683,2026-09-06T18:06:29.320Z
run_1788717850344,IONIC,nieznane,android,RELEASE,1.0.0,S3,RENDER_MS,15,65.2,ms,,2026-09-06T18:06:45.784Z
run_1788717850344,IONIC,nieznane,android,RELEASE,1.0.0,S3,RENDER_MS,16,80.7,ms,9.513,2026-09-06T18:06:45.830Z
run_1788717850344,IONIC,nieznane,android,RELEASE,1.0.0,S3,RENDER_MS,17,67.6,ms,,2026-09-06T18:07:04.464Z
run_1788717850344,IONIC,nieznane,android,RELEASE,1.0.0,S3,RENDER_MS,18,83.7,ms,15.905,2026-09-06T18:07:04.513Z
run_1788717850344,IONIC,nieznane,android,RELEASE,1.0.0,S3,RENDER_MS,19,62.9,ms,,2026-09-06T18:07:22.138Z
run_1788717850344,IONIC,nieznane,android,RELEASE,1.0.0,S3,RENDER_MS,20,68,ms,21.285,2026-09-06T18:07:22.176Z
run_1788717850344,IONIC,nieznane,android,RELEASE,1.0.0,S3,RENDER_MS,21,63.9,ms,,2026-09-06T18:07:38.968Z
run_1788717850344,IONIC,nieznane,android,RELEASE,1.0.0,S3,RENDER_MS,22,69.9,ms,18.836,2026-09-06T18:07:39.008Z
run_1788717850344,IONIC,nieznane,android,RELEASE,1.0.0,S3,RENDER_MS,23,68.7,ms,,2026-09-06T18:07:55.640Z
run_1788717850344,IONIC,nieznane,android,RELEASE,1.0.0,S3,RENDER_MS,24,126.6,ms,13.994,2026-09-06T18:07:55.744Z
run_1788717850344,IONIC,nieznane,android,RELEASE,1.0.0,S3,RENDER_MS,25,72.7,ms,,2026-09-06T18:08:13.792Z
run_1788717850344,IONIC,nieznane,android,RELEASE,1.0.0,S3,RENDER_MS,26,134.3,ms,32.178,2026-09-06T18:08:13.892Z
run_1788717850344,IONIC,nieznane,android,RELEASE,1.0.0,S3,RENDER_MS,27,69.3,ms,,2026-09-06T18:08:31.514Z
run_1788717850344,IONIC,nieznane,android,RELEASE,1.0.0,S3,RENDER_MS,28,76.8,ms,15.77,2026-09-06T18:08:31.556Z
run_1788717850344,IONIC,nieznane,android,RELEASE,1.0.0,S3,RENDER_MS,29,68.8,ms,,2026-09-06T18:08:50.075Z
run_1788717850344,IONIC,nieznane,android,RELEASE,1.0.0,S3,RENDER_MS,30,75.3,ms,11.051,2026-09-06T18:08:50.117Z
run_1788717850344,IONIC,nieznane,android,RELEASE,1.0.0,S3,RENDER_MS,31,74.4,ms,,2026-09-06T18:09:07.568Z
run_1788717850344,IONIC,nieznane,android,RELEASE,1.0.0,S3,RENDER_MS,32,65.6,ms,10.515,2026-09-06T18:09:07.601Z
run_1788717850344,IONIC,nieznane,android,RELEASE,1.0.0,S3,RENDER_MS,33,72.9,ms,,2026-09-06T18:09:27.661Z
run_1788717850344,IONIC,nieznane,android,RELEASE,1.0.0,S3,RENDER_MS,34,98.1,ms,10.739,2026-09-06T18:09:27.724Z
run_1788717850344,IONIC,nieznane,android,RELEASE,1.0.0,S3,RENDER_MS,35,51.5,ms,,2026-09-06T18:09:45.207Z
run_1788717850344,IONIC,nieznane,android,RELEASE,1.0.0,S3,RENDER_MS,36,60.7,ms,8.963,2026-09-06T18:09:45.245Z
run_1788717850344,IONIC,nieznane,android,RELEASE,1.0.0,S3,RENDER_MS,37,66.8,ms,,2026-09-06T18:10:01.475Z
run_1788717850344,IONIC,nieznane,android,RELEASE,1.0.0,S3,RENDER_MS,38,145.4,ms,17.552,2026-09-06T18:10:01.594Z
run_1788717850344,IONIC,nieznane,android,RELEASE,1.0.0,S3,RENDER_MS,39,51.4,ms,,2026-09-06T18:10:20.204Z
run_1788717850344,IONIC,nieznane,android,RELEASE,1.0.0,S3,RENDER_MS,40,75.8,ms,10.044,2026-09-06T18:10:20.253Z
run_1788717850344,IONIC,nieznane,android,RELEASE,1.0.0,S3,RENDER_MS,41,62.6,ms,,2026-09-06T18:10:36.563Z
run_1788717850344,IONIC,nieznane,android,RELEASE,1.0.0,S3,RENDER_MS,42,68.2,ms,14.388,2026-09-06T18:10:36.595Z
run_1788717850344,IONIC,nieznane,android,RELEASE,1.0.0,S3,RENDER_MS,43,75.2,ms,,2026-09-06T18:10:56.585Z
run_1788717850344,IONIC,nieznane,android,RELEASE,1.0.0,S3,RENDER_MS,44,111.1,ms,30.843,2026-09-06T18:10:56.664Z
run_1788717850344,IONIC,nieznane,android,RELEASE,1.0.0,S3,RENDER_MS,45,83.4,ms,,2026-09-06T18:11:14.641Z
run_1788717850344,IONIC,nieznane,android,RELEASE,1.0.0,S3,RENDER_MS,46,69,ms,12.2,2026-09-06T18:11:14.676Z
run_1788717850344,IONIC,nieznane,android,RELEASE,1.0.0,S3,RENDER_MS,47,57.5,ms,,2026-09-06T18:11:32.780Z
run_1788717850344,IONIC,nieznane,android,RELEASE,1.0.0,S3,RENDER_MS,48,147,ms,20.449,2026-09-06T18:11:32.892Z
run_1788717850344,IONIC,nieznane,android,RELEASE,1.0.0,S3,RENDER_MS,49,71.6,ms,,2026-09-06T18:11:52.201Z
run_1788717850344,IONIC,nieznane,android,RELEASE,1.0.0,S3,RENDER_MS,50,105.3,ms,28.535,2026-09-06T18:11:52.280Z
run_1788717850344,IONIC,nieznane,android,RELEASE,1.0.0,S3,RENDER_MS,51,115.3,ms,,2026-09-06T18:12:09.573Z
run_1788717850344,IONIC,nieznane,android,RELEASE,1.0.0,S3,RENDER_MS,52,133.6,ms,13.192,2026-09-06T18:12:09.645Z
run_1788717850344,IONIC,nieznane,android,RELEASE,1.0.0,S3,RENDER_MS,53,68.3,ms,,2026-09-06T18:12:27.108Z
run_1788717850344,IONIC,nieznane,android,RELEASE,1.0.0,S3,RENDER_MS,54,86.8,ms,25.915,2026-09-06T18:12:27.155Z
run_1788717850344,IONIC,nieznane,android,RELEASE,1.0.0,S3,RENDER_MS,55,61.4,ms,,2026-09-06T18:12:45.827Z
run_1788717850344,IONIC,nieznane,android,RELEASE,1.0.0,S3,RENDER_MS,56,80.4,ms,17.771,2026-09-06T18:12:45.879Z
run_1788717850344,IONIC,nieznane,android,RELEASE,1.0.0,S3,RENDER_MS,57,79.4,ms,,2026-09-06T18:13:02.414Z
run_1788717850344,IONIC,nieznane,android,RELEASE,1.0.0,S3,RENDER_MS,58,100.2,ms,14.379,2026-09-06T18:13:02.484Z
run_1788717850344,IONIC,nieznane,android,RELEASE,1.0.0,S3,RENDER_MS,59,85.7,ms,,2026-09-06T18:13:19.435Z
run_1788717850344,IONIC,nieznane,android,RELEASE,1.0.0,S3,RENDER_MS,60,83.9,ms,22.721,2026-09-06T18:13:19.468Z