session_id,run_id,platform,device_model,os_version,build_type,app_version,scenario,metric,iteration,value,unit,server_ms,recorded_at_ms,recorded_at_utc
ses_04,ses_04_S1,REACT_NATIVE,2409BRN2CY,android 16,RELEASE,1.0.0,S1,STARTUP_MS,1,650.033,ms,33.88,1788954016409,2026-09-09T11:40:16.409Z
ses_04,ses_04_S1,REACT_NATIVE,2409BRN2CY,android 16,RELEASE,1.0.0,S1,STARTUP_MS,2,540.736,ms,9.163,1788954026416,2026-09-09T11:40:26.416Z
ses_04,ses_04_S1,REACT_NATIVE,2409BRN2CY,android 16,RELEASE,1.0.0,S1,STARTUP_MS,3,584.17,ms,11.41,1788954034543,2026-09-09T11:40:34.543Z
ses_04,ses_04_S1,REACT_NATIVE,2409BRN2CY,android 16,RELEASE,1.0.0,S1,STARTUP_MS,4,567.93,ms,11.419,1788954042204,2026-09-09T11:40:42.204Z
ses_04,ses_04_S1,REACT_NATIVE,2409BRN2CY,android 16,RELEASE,1.0.0,S1,STARTUP_MS,5,565.822,ms,12.224,1788954050656,2026-09-09T11:40:50.656Z
ses_04,ses_04_S1,REACT_NATIVE,2409BRN2CY,android 16,RELEASE,1.0.0,S1,STARTUP_MS,6,542.517,ms,7.323,1788954058809,2026-09-09T11:40:58.809Z
ses_04,ses_04_S1,REACT_NATIVE,2409BRN2CY,android 16,RELEASE,1.0.0,S1,STARTUP_MS,7,626.532,ms,14.557,1788954068080,2026-09-09T11:41:08.080Z
ses_04,ses_04_S1,REACT_NATIVE,2409BRN2CY,android 16,RELEASE,1.0.0,S1,STARTUP_MS,8,552.264,ms,15.044,1788954075958,2026-09-09T11:41:15.958Z
ses_04,ses_04_S1,REACT_NATIVE,2409BRN2CY,android 16,RELEASE,1.0.0,S1,STARTUP_MS,9,589.702,ms,15.023,1788954084322,2026-09-09T11:41:24.322Z
ses_04,ses_04_S1,REACT_NATIVE,2409BRN2CY,android 16,RELEASE,1.0.0,S1,STARTUP_MS,10,577.917,ms,10.166,1788954092340,2026-09-09T11:41:32.340Z
ses_04,ses_04_S1,REACT_NATIVE,2409BRN2CY,android 16,RELEASE,1.0.0,S1,STARTUP_MS,11,624.179,ms,6.953,1788954100645,2026-09-09T11:41:40.645Z
ses_04,ses_04_S1,REACT_NATIVE,2409BRN2CY,android 16,RELEASE,1.0.0,S1,STARTUP_MS,12,550.578,ms,8.746,1788954109026,2026-09-09T11:41:49.026Z
ses_04,ses_04_S1,REACT_NATIVE,2409BRN2CY,android 16,RELEASE,1.0.0,S1,STARTUP_MS,13,599.471,ms,18.796,1788954117320,2026-09-09T11:41:57.320Z
ses_04,ses_04_S1,REACT_NATIVE,2409BRN2CY,android 16,RELEASE,1.0.0,S1,STARTUP_MS,14,583.953,ms,6.42,1788954125268,2026-09-09T11:42:05.268Z
ses_04,ses_04_S1,REACT_NATIVE,2409BRN2CY,android 16,RELEASE,1.0.0,S1,STARTUP_MS,15,630.983,ms,6.482,1788954134784,2026-09-09T11:42:14.784Z
ses_04,ses_04_S1,REACT_NATIVE,2409BRN2CY,android 16,RELEASE,1.0.0,S1,STARTUP_MS,16,655.624,ms,7.279,1788954143295,2026-09-09T11:42:23.295Z
ses_04,ses_04_S1,REACT_NATIVE,2409BRN2CY,android 16,RELEASE,1.0.0,S1,STARTUP_MS,17,550.684,ms,6.809,1788954151179,2026-09-09T11:42:31.179Z
ses_04,ses_04_S1,REACT_NATIVE,2409BRN2CY,android 16,RELEASE,1.0.0,S1,STARTUP_MS,18,574.041,ms,16.046,1788954159360,2026-09-09T11:42:39.360Z
ses_04,ses_04_S1,REACT_NATIVE,2409BRN2CY,android 16,RELEASE,1.0.0,S1,STARTUP_MS,19,542.871,ms,10.566,1788954167400,2026-09-09T11:42:47.400Z
ses_04,ses_04_S1,REACT_NATIVE,2409BRN2CY,android 16,RELEASE,1.0.0,S1,STARTUP_MS,20,540.477,ms,7.643,1788954175808,2026-09-09T11:42:55.808Z
ses_04,ses_04_S1,REACT_NATIVE,2409BRN2CY,android 16,RELEASE,1.0.0,S1,STARTUP_MS,21,558.331,ms,8.518,1788954184956,2026-09-09T11:43:04.956Z
ses_04,ses_04_S1,REACT_NATIVE,2409BRN2CY,android 16,RELEASE,1.0.0,S1,STARTUP_MS,22,535.42,ms,15.161,1788954193052,2026-09-09T11:43:13.052Z
ses_04,ses_04_S1,REACT_NATIVE,2409BRN2CY,android 16,RELEASE,1.0.0,S1,STARTUP_MS,23,643.768,ms,17.974,1788954201348,2026-09-09T11:43:21.348Z
ses_04,ses_04_S1,REACT_NATIVE,2409BRN2CY,android 16,RELEASE,1.0.0,S1,STARTUP_MS,24,770.395,ms,8.5,1788954209890,2026-09-09T11:43:29.890Z
ses_04,ses_04_S1,REACT_NATIVE,2409BRN2CY,android 16,RELEASE,1.0.0,S1,STARTUP_MS,25,558.437,ms,7.197,1788954218423,2026-09-09T11:43:38.423Z
ses_04,ses_04_S1,REACT_NATIVE,2409BRN2CY,android 16,RELEASE,1.0.0,S1,STARTUP_MS,26,562.209,ms,14.836,1788954227132,2026-09-09T11:43:47.132Z
ses_04,ses_04_S1,REACT_NATIVE,2409BRN2CY,android 16,RELEASE,1.0.0,S1,STARTUP_MS,27,558.585,ms,14.69,1788954235620,2026-09-09T11:43:55.620Z
ses_04,ses_04_S1,REACT_NATIVE,2409BRN2CY,android 16,RELEASE,1.0.0,S1,STARTUP_MS,28,571.503,ms,8.335,1788954244359,2026-09-09T11:44:04.359Z
ses_04,ses_04_S1,REACT_NATIVE,2409BRN2CY,android 16,RELEASE,1.0.0,S1,STARTUP_MS,29,701.973,ms,13.686,1788954252582,2026-09-09T11:44:12.582Z
ses_04,ses_04_S1,REACT_NATIVE,2409BRN2CY,android 16,RELEASE,1.0.0,S1,STARTUP_MS,30,540.368,ms,10.526,1788954260884,2026-09-09T11:44:20.884Z
ses_04,ses_04_S2,REACT_NATIVE,2409BRN2CY,android 16,RELEASE,1.0.0,S2,STARTUP_MS,1,802.177,ms,47.554,1788954593018,2026-09-09T11:49:53.018Z
ses_04,ses_04_S2,REACT_NATIVE,2409BRN2CY,android 16,RELEASE,1.0.0,S2,UI_RESPONSE_MS,1,111.883,ms,15.547,1788954596803,2026-09-09T11:49:56.803Z
ses_04,ses_04_S2,REACT_NATIVE,2409BRN2CY,android 16,RELEASE,1.0.0,S2,UI_RESPONSE_MS,2,98.582,ms,8.541,1788954604234,2026-09-09T11:50:04.234Z
ses_04,ses_04_S2,REACT_NATIVE,2409BRN2CY,android 16,RELEASE,1.0.0,S2,UI_RESPONSE_MS,3,115.957,ms,7.614,1788954611513,2026-09-09T11:50:11.513Z
ses_04,ses_04_S2,REACT_NATIVE,2409BRN2CY,android 16,RELEASE,1.0.0,S2,UI_RESPONSE_MS,4,114.723,ms,8.818,1788954618590,2026-09-09T11:50:18.590Z
ses_04,ses_04_S2,REACT_NATIVE,2409BRN2CY,android 16,RELEASE,1.0.0,S2,UI_RESPONSE_MS,5,115.356,ms,11.561,1788954625902,2026-09-09T11:50:25.902Z
ses_04,ses_04_S2,REACT_NATIVE,2409BRN2CY,android 16,RELEASE,1.0.0,S2,UI_RESPONSE_MS,6,117.947,ms,4.578,1788954633301,2026-09-09T11:50:33.301Z
ses_04,ses_04_S2,REACT_NATIVE,2409BRN2CY,android 16,RELEASE,1.0.0,S2,UI_RESPONSE_MS,7,113.977,ms,2.583,1788954640792,2026-09-09T11:50:40.792Z
ses_04,ses_04_S2,REACT_NATIVE,2409BRN2CY,android 16,RELEASE,1.0.0,S2,UI_RESPONSE_MS,8,113.676,ms,6.687,1788954648436,2026-09-09T11:50:48.436Z
ses_04,ses_04_S2,REACT_NATIVE,2409BRN2CY,android 16,RELEASE,1.0.0,S2,UI_RESPONSE_MS,9,114.247,ms,5.367,1788954655765,2026-09-09T11:50:55.765Z
ses_04,ses_04_S2,REACT_NATIVE,2409BRN2CY,android 16,RELEASE,1.0.0,S2,UI_RESPONSE_MS,10,130.551,ms,4.732,1788954663676,2026-09-09T11:51:03.676Z
ses_04,ses_04_S2,REACT_NATIVE,2409BRN2CY,android 16,RELEASE,1.0.0,S2,UI_RESPONSE_MS,11,131.59,ms,10.158,1788954670922,2026-09-09T11:51:10.922Z
ses_04,ses_04_S2,REACT_NATIVE,2409BRN2CY,android 16,RELEASE,1.0.0,S2,UI_RESPONSE_MS,12,131.274,ms,11.912,1788954678084,2026-09-09T11:51:18.084Z
ses_04,ses_04_S2,REACT_NATIVE,2409BRN2CY,android 16,RELEASE,1.0.0,S2,UI_RESPONSE_MS,13,139.463,ms,6.991,1788954685286,2026-09-09T11:51:25.286Z
ses_04,ses_04_S2,REACT_NATIVE,2409BRN2CY,android 16,RELEASE,1.0.0,S2,UI_RESPONSE_MS,14,118.734,ms,8.415,1788954692694,2026-09-09T11:51:32.694Z
ses_04,ses_04_S2,REACT_NATIVE,2409BRN2CY,android 16,RELEASE,1.0.0,S2,UI_RESPONSE_MS,15,115.395,ms,11.89,1788954700334,2026-09-09T11:51:40.334Z
ses_04,ses_04_S2,REACT_NATIVE,2409BRN2CY,android 16,RELEASE,1.0.0,S2,UI_RESPONSE_MS,16,130.861,ms,11.047,1788954707446,2026-09-09T11:51:47.446Z
ses_04,ses_04_S2,REACT_NATIVE,2409BRN2CY,android 16,RELEASE,1.0.0,S2,UI_RESPONSE_MS,17,130.421,ms,8.638,1788954714890,2026-09-09T11:51:54.890Z
ses_04,ses_04_S2,REACT_NATIVE,2409BRN2CY,android 16,RELEASE,1.0.0,S2,UI_RESPONSE_MS,18,117.2,ms,4.077,1788954722488,2026-09-09T11:52:02.488Z
ses_04,ses_04_S2,REACT_NATIVE,2409BRN2CY,android 16,RELEASE,1.0.0,S2,UI_RESPONSE_MS,19,114.356,ms,3.654,1788954729797,2026-09-09T11:52:09.797Z
ses_04,ses_04_S2,REACT_NATIVE,2409BRN2CY,android 16,RELEASE,1.0.0,S2,UI_RESPONSE_MS,20,115.476,ms,8.501,1788954737109,2026-09-09T11:52:17.109Z
ses_04,ses_04_S2,REACT_NATIVE,2409BRN2CY,android 16,RELEASE,1.0.0,S2,UI_RESPONSE_MS,21,131.952,ms,15.895,1788954744320,2026-09-09T11:52:24.320Z
ses_04,ses_04_S2,REACT_NATIVE,2409BRN2CY,android 16,RELEASE,1.0.0,S2,UI_RESPONSE_MS,22,131.644,ms,8.548,1788954751383,2026-09-09T11:52:31.383Z
ses_04,ses_04_S2,REACT_NATIVE,2409BRN2CY,android 16,RELEASE,1.0.0,S2,UI_RESPONSE_MS,23,115.722,ms,8.62,1788954758678,2026-09-09T11:52:38.678Z
ses_04,ses_04_S2,REACT_NATIVE,2409BRN2CY,android 16,RELEASE,1.0.0,S2,UI_RESPONSE_MS,24,135.335,ms,12.543,1788954766259,2026-09-09T11:52:46.259Z
ses_04,ses_04_S2,REACT_NATIVE,2409BRN2CY,android 16,RELEASE,1.0.0,S2,UI_RESPONSE_MS,25,130.473,ms,6.816,1788954773384,2026-09-09T11:52:53.384Z
ses_04,ses_04_S2,REACT_NATIVE,2409BRN2CY,android 16,RELEASE,1.0.0,S2,UI_RESPONSE_MS,26,114.572,ms,4.955,1788954781078,2026-09-09T11:53:01.078Z
ses_04,ses_04_S2,REACT_NATIVE,2409BRN2CY,android 16,RELEASE,1.0.0,S2,UI_RESPONSE_MS,27,140.081,ms,9.514,1788954788215,2026-09-09T11:53:08.215Z
ses_04,ses_04_S2,REACT_NATIVE,2409BRN2CY,android 16,RELEASE,1.0.0,S2,UI_RESPONSE_MS,28,131.321,ms,11.228,1788954795485,2026-09-09T11:53:15.485Z
ses_04,ses_04_S2,REACT_NATIVE,2409BRN2CY,android 16,RELEASE,1.0.0,S2,UI_RESPONSE_MS,29,131.44,ms,11.487,1788954802746,2026-09-09T11:53:22.746Z
ses_04,ses_04_S2,REACT_NATIVE,2409BRN2CY,android 16,RELEASE,1.0.0,S2,UI_RESPONSE_MS,30,114.289,ms,3.373,1788954810158,2026-09-09T11:53:30.158Z
ses_04,ses_04_S3,REACT_NATIVE,2409BRN2CY,android 16,RELEASE,1.0.0,S3,STARTUP_MS,1,656.689,ms,31.02,1788955716555,2026-09-09T12:08:36.555Z
ses_04,ses_04_S3,REACT_NATIVE,2409BRN2CY,android 16,RELEASE,1.0.0,S3,UI_RESPONSE_MS,1,114.691,ms,5.428,1788955736569,2026-09-09T12:08:56.569Z
ses_04,ses_04_S3,REACT_NATIVE,2409BRN2CY,android 16,RELEASE,1.0.0,S3,UI_RESPONSE_MS,2,115.941,ms,6.826,1788955754457,2026-09-09T12:09:14.457Z
ses_04,ses_04_S3,REACT_NATIVE,2409BRN2CY,android 16,RELEASE,1.0.0,S3,UI_RESPONSE_MS,3,124.302,ms,5.609,1788955772188,2026-09-09T12:09:32.188Z
ses_04,ses_04_S3,REACT_NATIVE,2409BRN2CY,android 16,RELEASE,1.0.0,S3,UI_RESPONSE_MS,4,149.912,ms,10.596,1788955789353,2026-09-09T12:09:49.353Z
ses_04,ses_04_S3,REACT_NATIVE,2409BRN2CY,android 16,RELEASE,1.0.0,S3,UI_RESPONSE_MS,5,114.72,ms,7.345,1788955806838,2026-09-09T12:10:06.838Z
ses_04,ses_04_S3,REACT_NATIVE,2409BRN2CY,android 16,RELEASE,1.0.0,S3,UI_RESPONSE_MS,6,112.997,ms,7.154,1788955824391,2026-09-09T12:10:24.391Z
ses_04,ses_04_S3,REACT_NATIVE,2409BRN2CY,android 16,RELEASE,1.0.0,S3,UI_RESPONSE_MS,7,113.847,ms,3.995,1788955842079,2026-09-09T12:10:42.079Z
ses_04,ses_04_S3,REACT_NATIVE,2409BRN2CY,android 16,RELEASE,1.0.0,S3,UI_RESPONSE_MS,8,131.76,ms,11.762,1788955859852,2026-09-09T12:10:59.852Z
ses_04,ses_04_S3,REACT_NATIVE,2409BRN2CY,android 16,RELEASE,1.0.0,S3,UI_RESPONSE_MS,9,114.955,ms,12.803,1788955877505,2026-09-09T12:11:17.505Z
ses_04,ses_04_S3,REACT_NATIVE,2409BRN2CY,android 16,RELEASE,1.0.0,S3,UI_RESPONSE_MS,10,113.918,ms,8.36,1788955894360,2026-09-09T12:11:34.360Z
ses_04,ses_04_S3,REACT_NATIVE,2409BRN2CY,android 16,RELEASE,1.0.0,S3,UI_RESPONSE_MS,11,136.518,ms,7.79,1788955911587,2026-09-09T12:11:51.587Z
ses_04,ses_04_S3,REACT_NATIVE,2409BRN2CY,android 16,RELEASE,1.0.0,S3,UI_RESPONSE_MS,12,114.134,ms,8.884,1788955929869,2026-09-09T12:12:09.869Z
ses_04,ses_04_S3,REACT_NATIVE,2409BRN2CY,android 16,RELEASE,1.0.0,S3,UI_RESPONSE_MS,13,116.508,ms,7.642,1788955947158,2026-09-09T12:12:27.158Z
ses_04,ses_04_S3,REACT_NATIVE,2409BRN2CY,android 16,RELEASE,1.0.0,S3,UI_RESPONSE_MS,14,115.58,ms,8.437,1788955964528,2026-09-09T12:12:44.528Z
ses_04,ses_04_S3,REACT_NATIVE,2409BRN2CY,android 16,RELEASE,1.0.0,S3,UI_RESPONSE_MS,15,113.832,ms,4.193,1788955982481,2026-09-09T12:13:02.481Z
ses_04,ses_04_S3,REACT_NATIVE,2409BRN2CY,android 16,RELEASE,1.0.0,S3,UI_RESPONSE_MS,16,147.061,ms,13.173,1788955999837,2026-09-09T12:13:19.837Z
ses_04,ses_04_S3,REACT_NATIVE,2409BRN2CY,android 16,RELEASE,1.0.0,S3,UI_RESPONSE_MS,17,113.849,ms,6.53,1788956017641,2026-09-09T12:13:37.641Z
ses_04,ses_04_S3,REACT_NATIVE,2409BRN2CY,android 16,RELEASE,1.0.0,S3,UI_RESPONSE_MS,18,130.303,ms,9.561,1788956034945,2026-09-09T12:13:54.945Z
ses_04,ses_04_S3,REACT_NATIVE,2409BRN2CY,android 16,RELEASE,1.0.0,S3,UI_RESPONSE_MS,19,132.452,ms,8.002,1788956052469,2026-09-09T12:14:12.469Z
ses_04,ses_04_S3,REACT_NATIVE,2409BRN2CY,android 16,RELEASE,1.0.0,S3,UI_RESPONSE_MS,20,114.133,ms,7.224,1788956069455,2026-09-09T12:14:29.455Z
ses_04,ses_04_S3,REACT_NATIVE,2409BRN2CY,android 16,RELEASE,1.0.0,S3,UI_RESPONSE_MS,21,113.565,ms,4.515,1788956086193,2026-09-09T12:14:46.193Z
ses_04,ses_04_S3,REACT_NATIVE,2409BRN2CY,android 16,RELEASE,1.0.0,S3,UI_RESPONSE_MS,22,113.641,ms,12.936,1788956103731,2026-09-09T12:15:03.731Z
ses_04,ses_04_S3,REACT_NATIVE,2409BRN2CY,android 16,RELEASE,1.0.0,S3,UI_RESPONSE_MS,23,114.735,ms,2.762,1788956121036,2026-09-09T12:15:21.036Z
ses_04,ses_04_S3,REACT_NATIVE,2409BRN2CY,android 16,RELEASE,1.0.0,S3,UI_RESPONSE_MS,24,113.518,ms,3.67,1788956138073,2026-09-09T12:15:38.073Z
ses_04,ses_04_S3,REACT_NATIVE,2409BRN2CY,android 16,RELEASE,1.0.0,S3,UI_RESPONSE_MS,25,129.982,ms,8.327,1788956155761,2026-09-09T12:15:55.761Z
ses_04,ses_04_S3,REACT_NATIVE,2409BRN2CY,android 16,RELEASE,1.0.0,S3,UI_RESPONSE_MS,26,147.4,ms,12.573,1788956173450,2026-09-09T12:16:13.450Z
ses_04,ses_04_S3,REACT_NATIVE,2409BRN2CY,android 16,RELEASE,1.0.0,S3,UI_RESPONSE_MS,27,130.4,ms,6.841,1788956190654,2026-09-09T12:16:30.654Z
ses_04,ses_04_S3,REACT_NATIVE,2409BRN2CY,android 16,RELEASE,1.0.0,S3,UI_RESPONSE_MS,28,136.893,ms,14.685,1788956208532,2026-09-09T12:16:48.532Z
ses_04,ses_04_S3,REACT_NATIVE,2409BRN2CY,android 16,RELEASE,1.0.0,S3,UI_RESPONSE_MS,29,99.482,ms,3.432,1788956225448,2026-09-09T12:17:05.448Z
ses_04,ses_04_S3,REACT_NATIVE,2409BRN2CY,android 16,RELEASE,1.0.0,S3,UI_RESPONSE_MS,30,113.35,ms,6.291,1788956243184,2026-09-09T12:17:23.184Z
ses_04,ses_04_S3,REACT_NATIVE,2409BRN2CY,android 16,RELEASE,1.0.0,S3,API_REQUEST_MS,1,50.468,ms,13.105,1788955745649,2026-09-09T12:09:05.649Z
ses_04,ses_04_S3,REACT_NATIVE,2409BRN2CY,android 16,RELEASE,1.0.0,S3,API_REQUEST_MS,2,49.258,ms,13.192,1788955763320,2026-09-09T12:09:23.320Z
ses_04,ses_04_S3,REACT_NATIVE,2409BRN2CY,android 16,RELEASE,1.0.0,S3,API_REQUEST_MS,3,50.626,ms,8.656,1788955780810,2026-09-09T12:09:40.810Z
ses_04,ses_04_S3,REACT_NATIVE,2409BRN2CY,android 16,RELEASE,1.0.0,S3,API_REQUEST_MS,4,49.41,ms,15.19,1788955798346,2026-09-09T12:09:58.346Z
ses_04,ses_04_S3,REACT_NATIVE,2409BRN2CY,android 16,RELEASE,1.0.0,S3,API_REQUEST_MS,5,67.359,ms,14.131,1788955815618,2026-09-09T12:10:15.618Z
ses_04,ses_04_S3,REACT_NATIVE,2409BRN2CY,android 16,RELEASE,1.0.0,S3,API_REQUEST_MS,6,49.926,ms,12.641,1788955833338,2026-09-09T12:10:33.338Z
ses_04,ses_04_S3,REACT_NATIVE,2409BRN2CY,android 16,RELEASE,1.0.0,S3,API_REQUEST_MS,7,50.47,ms,15.23,1788955851360,2026-09-09T12:10:51.360Z
ses_04,ses_04_S3,REACT_NATIVE,2409BRN2CY,android 16,RELEASE,1.0.0,S3,API_REQUEST_MS,8,50.916,ms,6.722,1788955868814,2026-09-09T12:11:08.814Z
ses_04,ses_04_S3,REACT_NATIVE,2409BRN2CY,android 16,RELEASE,1.0.0,S3,API_REQUEST_MS,9,49.918,ms,12.124,1788955885951,2026-09-09T12:11:25.951Z
ses_04,ses_04_S3,REACT_NATIVE,2409BRN2CY,android 16,RELEASE,1.0.0,S3,API_REQUEST_MS,10,50.123,ms,11.376,1788955903057,2026-09-09T12:11:43.057Z
ses_04,ses_04_S3,REACT_NATIVE,2409BRN2CY,android 16,RELEASE,1.0.0,S3,API_REQUEST_MS,11,66.179,ms,13.241,1788955921393,2026-09-09T12:12:01.393Z
ses_04,ses_04_S3,REACT_NATIVE,2409BRN2CY,android 16,RELEASE,1.0.0,S3,API_REQUEST_MS,12,66.092,ms,17.681,1788955938682,2026-09-09T12:12:18.682Z
ses_04,ses_04_S3,REACT_NATIVE,2409BRN2CY,android 16,RELEASE,1.0.0,S3,API_REQUEST_MS,13,50.853,ms,7.7,1788955956054,2026-09-09T12:12:36.054Z
ses_04,ses_04_S3,REACT_NATIVE,2409BRN2CY,android 16,RELEASE,1.0.0,S3,API_REQUEST_MS,14,65.67,ms,29.411,1788955973440,2026-09-09T12:12:53.440Z
ses_04,ses_04_S3,REACT_NATIVE,2409BRN2CY,android 16,RELEASE,1.0.0,S3,API_REQUEST_MS,15,51.286,ms,15.422,1788955991496,2026-09-09T12:13:11.496Z
ses_04,ses_04_S3,REACT_NATIVE,2409BRN2CY,android 16,RELEASE,1.0.0,S3,API_REQUEST_MS,16,47.58,ms,17.798,1788956008899,2026-09-09T12:13:28.899Z
ses_04,ses_04_S3,REACT_NATIVE,2409BRN2CY,android 16,RELEASE,1.0.0,S3,API_REQUEST_MS,17,66.416,ms,21.411,1788956026521,2026-09-09T12:13:46.521Z
ses_04,ses_04_S3,REACT_NATIVE,2409BRN2CY,android 16,RELEASE,1.0.0,S3,API_REQUEST_MS,18,56.252,ms,12.813,1788956044031,2026-09-09T12:14:04.031Z
ses_04,ses_04_S3,REACT_NATIVE,2409BRN2CY,android 16,RELEASE,1.0.0,S3,API_REQUEST_MS,19,49.518,ms,5.839,1788956061013,2026-09-09T12:14:21.013Z
ses_04,ses_04_S3,REACT_NATIVE,2409BRN2CY,android 16,RELEASE,1.0.0,S3,API_REQUEST_MS,20,49.463,ms,15.214,1788956077685,2026-09-09T12:14:37.685Z
ses_04,ses_04_S3,REACT_NATIVE,2409BRN2CY,android 16,RELEASE,1.0.0,S3,API_REQUEST_MS,21,50.281,ms,13.052,1788956095123,2026-09-09T12:14:55.123Z
ses_04,ses_04_S3,REACT_NATIVE,2409BRN2CY,android 16,RELEASE,1.0.0,S3,API_REQUEST_MS,22,68.521,ms,17.452,1788956112413,2026-09-09T12:15:12.413Z
ses_04,ses_04_S3,REACT_NATIVE,2409BRN2CY,android 16,RELEASE,1.0.0,S3,API_REQUEST_MS,23,67.845,ms,20.201,1788956129684,2026-09-09T12:15:29.684Z
ses_04,ses_04_S3,REACT_NATIVE,2409BRN2CY,android 16,RELEASE,1.0.0,S3,API_REQUEST_MS,24,66.046,ms,24.107,1788956147203,2026-09-09T12:15:47.203Z
ses_04,ses_04_S3,REACT_NATIVE,2409BRN2CY,android 16,RELEASE,1.0.0,S3,API_REQUEST_MS,25,49.887,ms,14.175,1788956164957,2026-09-09T12:16:04.957Z
ses_04,ses_04_S3,REACT_NATIVE,2409BRN2CY,android 16,RELEASE,1.0.0,S3,API_REQUEST_MS,26,49.148,ms,9.02,1788956182179,2026-09-09T12:16:22.179Z
ses_04,ses_04_S3,REACT_NATIVE,2409BRN2CY,android 16,RELEASE,1.0.0,S3,API_REQUEST_MS,27,68.835,ms,17.13,1788956199618,2026-09-09T12:16:39.618Z
ses_04,ses_04_S3,REACT_NATIVE,2409BRN2CY,android 16,RELEASE,1.0.0,S3,API_REQUEST_MS,28,50.167,ms,14.545,1788956217055,2026-09-09T12:16:57.055Z
ses_04,ses_04_S3,REACT_NATIVE,2409BRN2CY,android 16,RELEASE,1.0.0,S3,API_REQUEST_MS,29,49.59,ms,14.604,1788956234676,2026-09-09T12:17:14.676Z
ses_04,ses_04_S3,REACT_NATIVE,2409BRN2CY,android 16,RELEASE,1.0.0,S3,API_REQUEST_MS,30,49.712,ms,12.365,1788956251980,2026-09-09T12:17:31.980Z
ses_04,ses_04_S3,REACT_NATIVE,2409BRN2CY,android 16,RELEASE,1.0.0,S3,REQUEST_BUILD_MS,1,0.034,ms,,1788955745649,2026-09-09T12:09:05.649Z
ses_04,ses_04_S3,REACT_NATIVE,2409BRN2CY,android 16,RELEASE,1.0.0,S3,REQUEST_BUILD_MS,2,0.026,ms,,1788955763320,2026-09-09T12:09:23.320Z
ses_04,ses_04_S3,REACT_NATIVE,2409BRN2CY,android 16,RELEASE,1.0.0,S3,REQUEST_BUILD_MS,3,0.027,ms,,1788955780810,2026-09-09T12:09:40.810Z
ses_04,ses_04_S3,REACT_NATIVE,2409BRN2CY,android 16,RELEASE,1.0.0,S3,REQUEST_BUILD_MS,4,0.025,ms,,1788955798346,2026-09-09T12:09:58.346Z
ses_04,ses_04_S3,REACT_NATIVE,2409BRN2CY,android 16,RELEASE,1.0.0,S3,REQUEST_BUILD_MS,5,0.025,ms,,1788955815618,2026-09-09T12:10:15.618Z
ses_04,ses_04_S3,REACT_NATIVE,2409BRN2CY,android 16,RELEASE,1.0.0,S3,REQUEST_BUILD_MS,6,0.024,ms,,1788955833338,2026-09-09T12:10:33.338Z
ses_04,ses_04_S3,REACT_NATIVE,2409BRN2CY,android 16,RELEASE,1.0.0,S3,REQUEST_BUILD_MS,7,0.025,ms,,1788955851360,2026-09-09T12:10:51.360Z
ses_04,ses_04_S3,REACT_NATIVE,2409BRN2CY,android 16,RELEASE,1.0.0,S3,REQUEST_BUILD_MS,8,0.023,ms,,1788955868814,2026-09-09T12:11:08.814Z
ses_04,ses_04_S3,REACT_NATIVE,2409BRN2CY,android 16,RELEASE,1.0.0,S3,REQUEST_BUILD_MS,9,0.02,ms,,1788955885951,2026-09-09T12:11:25.951Z
ses_04,ses_04_S3,REACT_NATIVE,2409BRN2CY,android 16,RELEASE,1.0.0,S3,REQUEST_BUILD_MS,10,0.025,ms,,1788955903057,2026-09-09T12:11:43.057Z
ses_04,ses_04_S3,REACT_NATIVE,2409BRN2CY,android 16,RELEASE,1.0.0,S3,REQUEST_BUILD_MS,11,0.028,ms,,1788955921393,2026-09-09T12:12:01.393Z
ses_04,ses_04_S3,REACT_NATIVE,2409BRN2CY,android 16,RELEASE,1.0.0,S3,REQUEST_BUILD_MS,12,0.025,ms,,1788955938682,2026-09-09T12:12:18.682Z
ses_04,ses_04_S3,REACT_NATIVE,2409BRN2CY,android 16,RELEASE,1.0.0,S3,REQUEST_BUILD_MS,13,0.025,ms,,1788955956054,2026-09-09T12:12:36.054Z
ses_04,ses_04_S3,REACT_NATIVE,2409BRN2CY,android 16,RELEASE,1.0.0,S3,REQUEST_BUILD_MS,14,0.027,ms,,1788955973440,2026-09-09T12:12:53.440Z
ses_04,ses_04_S3,REACT_NATIVE,2409BRN2CY,android 16,RELEASE,1.0.0,S3,REQUEST_BUILD_MS,15,0.025,ms,,1788955991496,2026-09-09T12:13:11.496Z
ses_04,ses_04_S3,REACT_NATIVE,2409BRN2CY,android 16,RELEASE,1.0.0,S3,REQUEST_BUILD_MS,16,0.074,ms,,1788956008899,2026-09-09T12:13:28.899Z
ses_04,ses_04_S3,REACT_NATIVE,2409BRN2CY,android 16,RELEASE,1.0.0,S3,REQUEST_BUILD_MS,17,0.025,ms,,1788956026521,2026-09-09T12:13:46.521Z
ses_04,ses_04_S3,REACT_NATIVE,2409BRN2CY,android 16,RELEASE,1.0.0,S3,REQUEST_BUILD_MS,18,0.019,ms,,1788956044031,2026-09-09T12:14:04.031Z
ses_04,ses_04_S3,REACT_NATIVE,2409BRN2CY,android 16,RELEASE,1.0.0,S3,REQUEST_BUILD_MS,19,0.024,ms,,1788956061013,2026-09-09T12:14:21.013Z
ses_04,ses_04_S3,REACT_NATIVE,2409BRN2CY,android 16,RELEASE,1.0.0,S3,REQUEST_BUILD_MS,20,0.03,ms,,1788956077685,2026-09-09T12:14:37.685Z
ses_04,ses_04_S3,REACT_NATIVE,2409BRN2CY,android 16,RELEASE,1.0.0,S3,REQUEST_BUILD_MS,21,0.024,ms,,1788956095123,2026-09-09T12:14:55.123Z
ses_04,ses_04_S3,REACT_NATIVE,2409BRN2CY,android 16,RELEASE,1.0.0,S3,REQUEST_BUILD_MS,22,0.023,ms,,1788956112413,2026-09-09T12:15:12.413Z
ses_04,ses_04_S3,REACT_NATIVE,2409BRN2CY,android 16,RELEASE,1.0.0,S3,REQUEST_BUILD_MS,23,0.025,ms,,1788956129684,2026-09-09T12:15:29.684Z
ses_04,ses_04_S3,REACT_NATIVE,2409BRN2CY,android 16,RELEASE,1.0.0,S3,REQUEST_BUILD_MS,24,0.023,ms,,1788956147203,2026-09-09T12:15:47.203Z
ses_04,ses_04_S3,REACT_NATIVE,2409BRN2CY,android 16,RELEASE,1.0.0,S3,REQUEST_BUILD_MS,25,0.062,ms,,1788956164957,2026-09-09T12:16:04.957Z
ses_04,ses_04_S3,REACT_NATIVE,2409BRN2CY,android 16,RELEASE,1.0.0,S3,REQUEST_BUILD_MS,26,0.024,ms,,1788956182179,2026-09-09T12:16:22.179Z
ses_04,ses_04_S3,REACT_NATIVE,2409BRN2CY,android 16,RELEASE,1.0.0,S3,REQUEST_BUILD_MS,27,0.035,ms,,1788956199618,2026-09-09T12:16:39.618Z
ses_04,ses_04_S3,REACT_NATIVE,2409BRN2CY,android 16,RELEASE,1.0.0,S3,REQUEST_BUILD_MS,28,0.023,ms,,1788956217055,2026-09-09T12:16:57.055Z
ses_04,ses_04_S3,REACT_NATIVE,2409BRN2CY,android 16,RELEASE,1.0.0,S3,REQUEST_BUILD_MS,29,0.026,ms,,1788956234676,2026-09-09T12:17:14.676Z
ses_04,ses_04_S3,REACT_NATIVE,2409BRN2CY,android 16,RELEASE,1.0.0,S3,REQUEST_BUILD_MS,30,0.02,ms,,1788956251980,2026-09-09T12:17:31.980Z
ses_04,ses_04_S3,REACT_NATIVE,2409BRN2CY,android 16,RELEASE,1.0.0,S3,RENDER_CHECKOUT_MS,1,74.094,ms,,1788955745723,2026-09-09T12:09:05.723Z
ses_04,ses_04_S3,REACT_NATIVE,2409BRN2CY,android 16,RELEASE,1.0.0,S3,RENDER_CHECKOUT_MS,2,86.516,ms,,1788955763407,2026-09-09T12:09:23.407Z
ses_04,ses_04_S3,REACT_NATIVE,2409BRN2CY,android 16,RELEASE,1.0.0,S3,RENDER_CHECKOUT_MS,3,89.726,ms,,1788955780899,2026-09-09T12:09:40.899Z
ses_04,ses_04_S3,REACT_NATIVE,2409BRN2CY,android 16,RELEASE,1.0.0,S3,RENDER_CHECKOUT_MS,4,88.473,ms,,1788955798434,2026-09-09T12:09:58.434Z
ses_04,ses_04_S3,REACT_NATIVE,2409BRN2CY,android 16,RELEASE,1.0.0,S3,RENDER_CHECKOUT_MS,5,86.164,ms,,1788955815705,2026-09-09T12:10:15.705Z
ses_04,ses_04_S3,REACT_NATIVE,2409BRN2CY,android 16,RELEASE,1.0.0,S3,RENDER_CHECKOUT_MS,6,91.149,ms,,1788955833429,2026-09-09T12:10:33.429Z
ses_04,ses_04_S3,REACT_NATIVE,2409BRN2CY,android 16,RELEASE,1.0.0,S3,RENDER_CHECKOUT_MS,7,84.566,ms,,1788955851444,2026-09-09T12:10:51.444Z
ses_04,ses_04_S3,REACT_NATIVE,2409BRN2CY,android 16,RELEASE,1.0.0,S3,RENDER_CHECKOUT_MS,8,91.66,ms,,1788955868906,2026-09-09T12:11:08.906Z
ses_04,ses_04_S3,REACT_NATIVE,2409BRN2CY,android 16,RELEASE,1.0.0,S3,RENDER_CHECKOUT_MS,9,76.478,ms,,1788955886027,2026-09-09T12:11:26.027Z
ses_04,ses_04_S3,REACT_NATIVE,2409BRN2CY,android 16,RELEASE,1.0.0,S3,RENDER_CHECKOUT_MS,10,87.353,ms,,1788955903144,2026-09-09T12:11:43.144Z
ses_04,ses_04_S3,REACT_NATIVE,2409BRN2CY,android 16,RELEASE,1.0.0,S3,RENDER_CHECKOUT_MS,11,84.506,ms,,1788955921478,2026-09-09T12:12:01.478Z
ses_04,ses_04_S3,REACT_NATIVE,2409BRN2CY,android 16,RELEASE,1.0.0,S3,RENDER_CHECKOUT_MS,12,97.28,ms,,1788955938779,2026-09-09T12:12:18.779Z
ses_04,ses_04_S3,REACT_NATIVE,2409BRN2CY,android 16,RELEASE,1.0.0,S3,RENDER_CHECKOUT_MS,13,89.683,ms,,1788955956144,2026-09-09T12:12:36.144Z
ses_04,ses_04_S3,REACT_NATIVE,2409BRN2CY,android 16,RELEASE,1.0.0,S3,RENDER_CHECKOUT_MS,14,86.721,ms,,1788955973527,2026-09-09T12:12:53.527Z
ses_04,ses_04_S3,REACT_NATIVE,2409BRN2CY,android 16,RELEASE,1.0.0,S3,RENDER_CHECKOUT_MS,15,101.181,ms,,1788955991597,2026-09-09T12:13:11.597Z
ses_04,ses_04_S3,REACT_NATIVE,2409BRN2CY,android 16,RELEASE,1.0.0,S3,RENDER_CHECKOUT_MS,16,96.487,ms,,1788956008995,2026-09-09T12:13:28.995Z
ses_04,ses_04_S3,REACT_NATIVE,2409BRN2CY,android 16,RELEASE,1.0.0,S3,RENDER_CHECKOUT_MS,17,85.992,ms,,1788956026607,2026-09-09T12:13:46.607Z
ses_04,ses_04_S3,REACT_NATIVE,2409BRN2CY,android 16,RELEASE,1.0.0,S3,RENDER_CHECKOUT_MS,18,92.953,ms,,1788956044124,2026-09-09T12:14:04.124Z
ses_04,ses_04_S3,REACT_NATIVE,2409BRN2CY,android 16,RELEASE,1.0.0,S3,RENDER_CHECKOUT_MS,19,88.038,ms,,1788956061101,2026-09-09T12:14:21.101Z
ses_04,ses_04_S3,REACT_NATIVE,2409BRN2CY,android 16,RELEASE,1.0.0,S3,RENDER_CHECKOUT_MS,20,88.475,ms,,1788956077773,2026-09-09T12:14:37.773Z
ses_04,ses_04_S3,REACT_NATIVE,2409BRN2CY,android 16,RELEASE,1.0.0,S3,RENDER_CHECKOUT_MS,21,85.662,ms,,1788956095209,2026-09-09T12:14:55.209Z
ses_04,ses_04_S3,REACT_NATIVE,2409BRN2CY,android 16,RELEASE,1.0.0,S3,RENDER_CHECKOUT_MS,22,101.982,ms,,1788956112515,2026-09-09T12:15:12.515Z
ses_04,ses_04_S3,REACT_NATIVE,2409BRN2CY,android 16,RELEASE,1.0.0,S3,RENDER_CHECKOUT_MS,23,87.916,ms,,1788956129772,2026-09-09T12:15:29.772Z
ses_04,ses_04_S3,REACT_NATIVE,2409BRN2CY,android 16,RELEASE,1.0.0,S3,RENDER_CHECKOUT_MS,24,105.895,ms,,1788956147309,2026-09-09T12:15:47.309Z
ses_04,ses_04_S3,REACT_NATIVE,2409BRN2CY,android 16,RELEASE,1.0.0,S3,RENDER_CHECKOUT_MS,25,77.911,ms,,1788956165035,2026-09-09T12:16:05.035Z
ses_04,ses_04_S3,REACT_NATIVE,2409BRN2CY,android 16,RELEASE,1.0.0,S3,RENDER_CHECKOUT_MS,26,105.021,ms,,1788956182284,2026-09-09T12:16:22.284Z
ses_04,ses_04_S3,REACT_NATIVE,2409BRN2CY,android 16,RELEASE,1.0.0,S3,RENDER_CHECKOUT_MS,27,105.187,ms,,1788956199723,2026-09-09T12:16:39.723Z
ses_04,ses_04_S3,REACT_NATIVE,2409BRN2CY,android 16,RELEASE,1.0.0,S3,RENDER_CHECKOUT_MS,28,93.411,ms,,1788956217148,2026-09-09T12:16:57.148Z
ses_04,ses_04_S3,REACT_NATIVE,2409BRN2CY,android 16,RELEASE,1.0.0,S3,RENDER_CHECKOUT_MS,29,86.692,ms,,1788956234763,2026-09-09T12:17:14.763Z
ses_04,ses_04_S3,REACT_NATIVE,2409BRN2CY,android 16,RELEASE,1.0.0,S3,RENDER_CHECKOUT_MS,30,76.022,ms,,1788956252056,2026-09-09T12:17:32.056Z
ses_04,ses_04_S3,REACT_NATIVE,2409BRN2CY,android 16,RELEASE,1.0.0,S3,RENDER_ORDERS_MS,1,47.894,ms,18.605,1788955745796,2026-09-09T12:09:05.796Z
ses_04,ses_04_S3,REACT_NATIVE,2409BRN2CY,android 16,RELEASE,1.0.0,S3,RENDER_ORDERS_MS,2,50.448,ms,11.662,1788955763487,2026-09-09T12:09:23.487Z
ses_04,ses_04_S3,REACT_NATIVE,2409BRN2CY,android 16,RELEASE,1.0.0,S3,RENDER_ORDERS_MS,3,60.554,ms,4.973,1788955780988,2026-09-09T12:09:40.988Z
ses_04,ses_04_S3,REACT_NATIVE,2409BRN2CY,android 16,RELEASE,1.0.0,S3,RENDER_ORDERS_MS,4,67.204,ms,18.781,1788955798547,2026-09-09T12:09:58.547Z
ses_04,ses_04_S3,REACT_NATIVE,2409BRN2CY,android 16,RELEASE,1.0.0,S3,RENDER_ORDERS_MS,5,81.992,ms,21.112,1788955815848,2026-09-09T12:10:15.848Z
ses_04,ses_04_S3,REACT_NATIVE,2409BRN2CY,android 16,RELEASE,1.0.0,S3,RENDER_ORDERS_MS,6,66.679,ms,6.111,1788955833523,2026-09-09T12:10:33.523Z
ses_04,ses_04_S3,REACT_NATIVE,2409BRN2CY,android 16,RELEASE,1.0.0,S3,RENDER_ORDERS_MS,7,101.117,ms,15.363,1788955851594,2026-09-09T12:10:51.594Z
ses_04,ses_04_S3,REACT_NATIVE,2409BRN2CY,android 16,RELEASE,1.0.0,S3,RENDER_ORDERS_MS,8,79.103,ms,5.652,1788955869027,2026-09-09T12:11:09.027Z
ses_04,ses_04_S3,REACT_NATIVE,2409BRN2CY,android 16,RELEASE,1.0.0,S3,RENDER_ORDERS_MS,9,88.102,ms,6.866,1788955886144,2026-09-09T12:11:26.144Z
ses_04,ses_04_S3,REACT_NATIVE,2409BRN2CY,android 16,RELEASE,1.0.0,S3,RENDER_ORDERS_MS,10,96.72,ms,22.926,1788955903290,2026-09-09T12:11:43.290Z
ses_04,ses_04_S3,REACT_NATIVE,2409BRN2CY,android 16,RELEASE,1.0.0,S3,RENDER_ORDERS_MS,11,83.869,ms,19.384,1788955921614,2026-09-09T12:12:01.614Z
ses_04,ses_04_S3,REACT_NATIVE,2409BRN2CY,android 16,RELEASE,1.0.0,S3,RENDER_ORDERS_MS,12,80.476,ms,13.896,1788955938897,2026-09-09T12:12:18.897Z
ses_04,ses_04_S3,REACT_NATIVE,2409BRN2CY,android 16,RELEASE,1.0.0,S3,RENDER_ORDERS_MS,13,101.985,ms,10.299,1788955956288,2026-09-09T12:12:36.288Z
ses_04,ses_04_S3,REACT_NATIVE,2409BRN2CY,android 16,RELEASE,1.0.0,S3,RENDER_ORDERS_MS,14,84.874,ms,25.908,1788955973658,2026-09-09T12:12:53.658Z
ses_04,ses_04_S3,REACT_NATIVE,2409BRN2CY,android 16,RELEASE,1.0.0,S3,RENDER_ORDERS_MS,15,80.915,ms,14.333,1788955991729,2026-09-09T12:13:11.729Z
ses_04,ses_04_S3,REACT_NATIVE,2409BRN2CY,android 16,RELEASE,1.0.0,S3,RENDER_ORDERS_MS,16,81.469,ms,11.606,1788956009097,2026-09-09T12:13:29.097Z
ses_04,ses_04_S3,REACT_NATIVE,2409BRN2CY,android 16,RELEASE,1.0.0,S3,RENDER_ORDERS_MS,17,95.385,ms,22.138,1788956026752,2026-09-09T12:13:46.752Z
ses_04,ses_04_S3,REACT_NATIVE,2409BRN2CY,android 16,RELEASE,1.0.0,S3,RENDER_ORDERS_MS,18,77.592,ms,11.492,1788956044239,2026-09-09T12:14:04.239Z
ses_04,ses_04_S3,REACT_NATIVE,2409BRN2CY,android 16,RELEASE,1.0.0,S3,RENDER_ORDERS_MS,19,81.157,ms,7.475,1788956061211,2026-09-09T12:14:21.211Z
ses_04,ses_04_S3,REACT_NATIVE,2409BRN2CY,android 16,RELEASE,1.0.0,S3,RENDER_ORDERS_MS,20,78.016,ms,21.339,1788956077899,2026-09-09T12:14:37.899Z
ses_04,ses_04_S3,REACT_NATIVE,2409BRN2CY,android 16,RELEASE,1.0.0,S3,RENDER_ORDERS_MS,21,79.791,ms,11.989,1788956095319,2026-09-09T12:14:55.319Z
ses_04,ses_04_S3,REACT_NATIVE,2409BRN2CY,android 16,RELEASE,1.0.0,S3,RENDER_ORDERS_MS,22,77.875,ms,16.626,1788956112642,2026-09-09T12:15:12.642Z
ses_04,ses_04_S3,REACT_NATIVE,2409BRN2CY,android 16,RELEASE,1.0.0,S3,RENDER_ORDERS_MS,23,77.353,ms,13.036,1788956129896,2026-09-09T12:15:29.896Z
ses_04,ses_04_S3,REACT_NATIVE,2409BRN2CY,android 16,RELEASE,1.0.0,S3,RENDER_ORDERS_MS,24,91.433,ms,20.088,1788956147434,2026-09-09T12:15:47.434Z
ses_04,ses_04_S3,REACT_NATIVE,2409BRN2CY,android 16,RELEASE,1.0.0,S3,RENDER_ORDERS_MS,25,89.946,ms,31.744,1788956165182,2026-09-09T12:16:05.182Z
ses_04,ses_04_S3,REACT_NATIVE,2409BRN2CY,android 16,RELEASE,1.0.0,S3,RENDER_ORDERS_MS,26,73.598,ms,16.8,1788956182405,2026-09-09T12:16:22.405Z
ses_04,ses_04_S3,REACT_NATIVE,2409BRN2CY,android 16,RELEASE,1.0.0,S3,RENDER_ORDERS_MS,27,75.358,ms,22.226,1788956199845,2026-09-09T12:16:39.845Z
ses_04,ses_04_S3,REACT_NATIVE,2409BRN2CY,android 16,RELEASE,1.0.0,S3,RENDER_ORDERS_MS,28,100.209,ms,27.553,1788956217305,2026-09-09T12:16:57.305Z
ses_04,ses_04_S3,REACT_NATIVE,2409BRN2CY,android 16,RELEASE,1.0.0,S3,RENDER_ORDERS_MS,29,80.149,ms,22.305,1788956234889,2026-09-09T12:17:14.889Z
ses_04,ses_04_S3,REACT_NATIVE,2409BRN2CY,android 16,RELEASE,1.0.0,S3,RENDER_ORDERS_MS,30,76.446,ms,6.488,1788956252175,2026-09-09T12:17:32.175Z
ses_04,ses_04_S1,IONIC,2409BRN2CY,android 16,RELEASE,1.0.0,S1,STARTUP_MS,1,1003.9,ms,36.109,1788953642971,2026-09-09T11:34:02.971Z
ses_04,ses_04_S1,IONIC,2409BRN2CY,android 16,RELEASE,1.0.0,S1,STARTUP_MS,2,475.8,ms,21.127,1788953651482,2026-09-09T11:34:11.482Z
ses_04,ses_04_S1,IONIC,2409BRN2CY,android 16,RELEASE,1.0.0,S1,STARTUP_MS,3,455.5,ms,13.659,1788953659456,2026-09-09T11:34:19.456Z
ses_04,ses_04_S1,IONIC,2409BRN2CY,android 16,RELEASE,1.0.0,S1,STARTUP_MS,4,451.1,ms,20.863,1788953666472,2026-09-09T11:34:26.472Z
ses_04,ses_04_S1,IONIC,2409BRN2CY,android 16,RELEASE,1.0.0,S1,STARTUP_MS,5,466,ms,11.453,1788953674191,2026-09-09T11:34:34.191Z
ses_04,ses_04_S1,IONIC,2409BRN2CY,android 16,RELEASE,1.0.0,S1,STARTUP_MS,6,461,ms,15.091,1788953682376,2026-09-09T11:34:42.376Z
ses_04,ses_04_S1,IONIC,2409BRN2CY,android 16,RELEASE,1.0.0,S1,STARTUP_MS,7,461.2,ms,11.528,1788953689508,2026-09-09T11:34:49.508Z
ses_04,ses_04_S1,IONIC,2409BRN2CY,android 16,RELEASE,1.0.0,S1,STARTUP_MS,8,456.4,ms,16.635,1788953696636,2026-09-09T11:34:56.636Z
ses_04,ses_04_S1,IONIC,2409BRN2CY,android 16,RELEASE,1.0.0,S1,STARTUP_MS,9,469.7,ms,8.499,1788953704041,2026-09-09T11:35:04.041Z
ses_04,ses_04_S1,IONIC,2409BRN2CY,android 16,RELEASE,1.0.0,S1,STARTUP_MS,10,448.4,ms,6.278,1788953710760,2026-09-09T11:35:10.760Z
ses_04,ses_04_S1,IONIC,2409BRN2CY,android 16,RELEASE,1.0.0,S1,STARTUP_MS,11,458.6,ms,6.794,1788953717727,2026-09-09T11:35:17.727Z
ses_04,ses_04_S1,IONIC,2409BRN2CY,android 16,RELEASE,1.0.0,S1,STARTUP_MS,12,448.9,ms,10.764,1788953725498,2026-09-09T11:35:25.498Z
ses_04,ses_04_S1,IONIC,2409BRN2CY,android 16,RELEASE,1.0.0,S1,STARTUP_MS,13,471,ms,12.918,1788953733247,2026-09-09T11:35:33.247Z
ses_04,ses_04_S1,IONIC,2409BRN2CY,android 16,RELEASE,1.0.0,S1,STARTUP_MS,14,462.2,ms,12.421,1788953741142,2026-09-09T11:35:41.142Z
ses_04,ses_04_S1,IONIC,2409BRN2CY,android 16,RELEASE,1.0.0,S1,STARTUP_MS,15,452.5,ms,13.175,1788953748747,2026-09-09T11:35:48.747Z
ses_04,ses_04_S1,IONIC,2409BRN2CY,android 16,RELEASE,1.0.0,S1,STARTUP_MS,16,441.5,ms,10.439,1788953756539,2026-09-09T11:35:56.539Z
ses_04,ses_04_S1,IONIC,2409BRN2CY,android 16,RELEASE,1.0.0,S1,STARTUP_MS,17,448,ms,11.828,1788953765280,2026-09-09T11:36:05.280Z
ses_04,ses_04_S1,IONIC,2409BRN2CY,android 16,RELEASE,1.0.0,S1,STARTUP_MS,18,454.9,ms,16.015,1788953773033,2026-09-09T11:36:13.033Z
ses_04,ses_04_S1,IONIC,2409BRN2CY,android 16,RELEASE,1.0.0,S1,STARTUP_MS,19,453.4,ms,6.352,1788953780144,2026-09-09T11:36:20.144Z
ses_04,ses_04_S1,IONIC,2409BRN2CY,android 16,RELEASE,1.0.0,S1,STARTUP_MS,20,461.1,ms,4.287,1788953787890,2026-09-09T11:36:27.890Z
ses_04,ses_04_S1,IONIC,2409BRN2CY,android 16,RELEASE,1.0.0,S1,STARTUP_MS,21,447.3,ms,6.718,1788953794851,2026-09-09T11:36:34.851Z
ses_04,ses_04_S1,IONIC,2409BRN2CY,android 16,RELEASE,1.0.0,S1,STARTUP_MS,22,443.2,ms,4.785,1788953801902,2026-09-09T11:36:41.902Z
ses_04,ses_04_S1,IONIC,2409BRN2CY,android 16,RELEASE,1.0.0,S1,STARTUP_MS,23,455.1,ms,9.967,1788953809683,2026-09-09T11:36:49.683Z
ses_04,ses_04_S1,IONIC,2409BRN2CY,android 16,RELEASE,1.0.0,S1,STARTUP_MS,24,464.1,ms,7.023,1788953816544,2026-09-09T11:36:56.544Z
ses_04,ses_04_S1,IONIC,2409BRN2CY,android 16,RELEASE,1.0.0,S1,STARTUP_MS,25,426.8,ms,5.785,1788953824129,2026-09-09T11:37:04.129Z
ses_04,ses_04_S1,IONIC,2409BRN2CY,android 16,RELEASE,1.0.0,S1,STARTUP_MS,26,458,ms,7.686,1788953830924,2026-09-09T11:37:10.924Z
ses_04,ses_04_S1,IONIC,2409BRN2CY,android 16,RELEASE,1.0.0,S1,STARTUP_MS,27,480.2,ms,7.547,1788953837879,2026-09-09T11:37:17.879Z
ses_04,ses_04_S1,IONIC,2409BRN2CY,android 16,RELEASE,1.0.0,S1,STARTUP_MS,28,454,ms,10.718,1788953845720,2026-09-09T11:37:25.720Z
ses_04,ses_04_S1,IONIC,2409BRN2CY,android 16,RELEASE,1.0.0,S1,STARTUP_MS,29,455.8,ms,13.835,1788953852746,2026-09-09T11:37:32.746Z
ses_04,ses_04_S1,IONIC,2409BRN2CY,android 16,RELEASE,1.0.0,S1,STARTUP_MS,30,459.9,ms,17.515,1788953860617,2026-09-09T11:37:40.617Z
ses_04,ses_04_S2,IONIC,2409BRN2CY,android 16,RELEASE,1.0.0,S2,STARTUP_MS,1,458.3,ms,34.68,1788954845241,2026-09-09T11:54:05.241Z
ses_04,ses_04_S2,IONIC,2409BRN2CY,android 16,RELEASE,1.0.0,S2,UI_RESPONSE_MS,1,282.3,ms,7.481,1788954849147,2026-09-09T11:54:09.147Z
ses_04,ses_04_S2,IONIC,2409BRN2CY,android 16,RELEASE,1.0.0,S2,UI_RESPONSE_MS,2,139.9,ms,8.399,1788954856281,2026-09-09T11:54:16.281Z
ses_04,ses_04_S2,IONIC,2409BRN2CY,android 16,RELEASE,1.0.0,S2,UI_RESPONSE_MS,3,149.1,ms,7.237,1788954862535,2026-09-09T11:54:22.535Z
ses_04,ses_04_S2,IONIC,2409BRN2CY,android 16,RELEASE,1.0.0,S2,UI_RESPONSE_MS,4,132.9,ms,13.114,1788954869324,2026-09-09T11:54:29.324Z
ses_04,ses_04_S2,IONIC,2409BRN2CY,android 16,RELEASE,1.0.0,S2,UI_RESPONSE_MS,5,126.9,ms,5.054,1788954875807,2026-09-09T11:54:35.807Z
ses_04,ses_04_S2,IONIC,2409BRN2CY,android 16,RELEASE,1.0.0,S2,UI_RESPONSE_MS,6,145.8,ms,10.748,1788954882401,2026-09-09T11:54:42.401Z
ses_04,ses_04_S2,IONIC,2409BRN2CY,android 16,RELEASE,1.0.0,S2,UI_RESPONSE_MS,7,131.8,ms,9.753,1788954889679,2026-09-09T11:54:49.679Z
ses_04,ses_04_S2,IONIC,2409BRN2CY,android 16,RELEASE,1.0.0,S2,UI_RESPONSE_MS,8,141.5,ms,10.611,1788954896954,2026-09-09T11:54:56.954Z
ses_04,ses_04_S2,IONIC,2409BRN2CY,android 16,RELEASE,1.0.0,S2,UI_RESPONSE_MS,9,140.7,ms,6.891,1788954904820,2026-09-09T11:55:04.820Z
ses_04,ses_04_S2,IONIC,2409BRN2CY,android 16,RELEASE,1.0.0,S2,UI_RESPONSE_MS,10,159.8,ms,3.147,1788954911993,2026-09-09T11:55:11.993Z
ses_04,ses_04_S2,IONIC,2409BRN2CY,android 16,RELEASE,1.0.0,S2,UI_RESPONSE_MS,11,144.7,ms,9.488,1788954919207,2026-09-09T11:55:19.207Z
ses_04,ses_04_S2,IONIC,2409BRN2CY,android 16,RELEASE,1.0.0,S2,UI_RESPONSE_MS,12,149.3,ms,7.908,1788954926623,2026-09-09T11:55:26.623Z
ses_04,ses_04_S2,IONIC,2409BRN2CY,android 16,RELEASE,1.0.0,S2,UI_RESPONSE_MS,13,160.5,ms,10.501,1788954934177,2026-09-09T11:55:34.177Z
ses_04,ses_04_S2,IONIC,2409BRN2CY,android 16,RELEASE,1.0.0,S2,UI_RESPONSE_MS,14,139,ms,9.906,1788954941380,2026-09-09T11:55:41.380Z
ses_04,ses_04_S2,IONIC,2409BRN2CY,android 16,RELEASE,1.0.0,S2,UI_RESPONSE_MS,15,161.3,ms,4.882,1788954948868,2026-09-09T11:55:48.868Z
ses_04,ses_04_S2,IONIC,2409BRN2CY,android 16,RELEASE,1.0.0,S2,UI_RESPONSE_MS,16,161.8,ms,9.708,1788954956279,2026-09-09T11:55:56.279Z
ses_04,ses_04_S2,IONIC,2409BRN2CY,android 16,RELEASE,1.0.0,S2,UI_RESPONSE_MS,17,139.5,ms,7.288,1788954963976,2026-09-09T11:56:03.976Z
ses_04,ses_04_S2,IONIC,2409BRN2CY,android 16,RELEASE,1.0.0,S2,UI_RESPONSE_MS,18,161.2,ms,4.574,1788954970755,2026-09-09T11:56:10.755Z
ses_04,ses_04_S2,IONIC,2409BRN2CY,android 16,RELEASE,1.0.0,S2,UI_RESPONSE_MS,19,134.5,ms,9.014,1788954978017,2026-09-09T11:56:18.017Z
ses_04,ses_04_S2,IONIC,2409BRN2CY,android 16,RELEASE,1.0.0,S2,UI_RESPONSE_MS,20,167.2,ms,13.569,1788954985447,2026-09-09T11:56:25.447Z
ses_04,ses_04_S2,IONIC,2409BRN2CY,android 16,RELEASE,1.0.0,S2,UI_RESPONSE_MS,21,105.2,ms,10.04,1788954992596,2026-09-09T11:56:32.596Z
ses_04,ses_04_S2,IONIC,2409BRN2CY,android 16,RELEASE,1.0.0,S2,UI_RESPONSE_MS,22,159.3,ms,6.976,1788954999882,2026-09-09T11:56:39.882Z
ses_04,ses_04_S2,IONIC,2409BRN2CY,android 16,RELEASE,1.0.0,S2,UI_RESPONSE_MS,23,153.1,ms,9.32,1788955007330,2026-09-09T11:56:47.330Z
ses_04,ses_04_S2,IONIC,2409BRN2CY,android 16,RELEASE,1.0.0,S2,UI_RESPONSE_MS,24,141,ms,7.845,1788955014644,2026-09-09T11:56:54.644Z
ses_04,ses_04_S2,IONIC,2409BRN2CY,android 16,RELEASE,1.0.0,S2,UI_RESPONSE_MS,25,177.1,ms,9.081,1788955022449,2026-09-09T11:57:02.449Z
ses_04,ses_04_S2,IONIC,2409BRN2CY,android 16,RELEASE,1.0.0,S2,UI_RESPONSE_MS,26,158.1,ms,13.629,1788955029853,2026-09-09T11:57:09.853Z
ses_04,ses_04_S2,IONIC,2409BRN2CY,android 16,RELEASE,1.0.0,S2,UI_RESPONSE_MS,27,167,ms,10.451,1788955037024,2026-09-09T11:57:17.024Z
ses_04,ses_04_S2,IONIC,2409BRN2CY,android 16,RELEASE,1.0.0,S2,UI_RESPONSE_MS,28,171.3,ms,12.516,1788955044522,2026-09-09T11:57:24.522Z
ses_04,ses_04_S2,IONIC,2409BRN2CY,android 16,RELEASE,1.0.0,S2,UI_RESPONSE_MS,29,150.4,ms,4.425,1788955052000,2026-09-09T11:57:32.000Z
ses_04,ses_04_S2,IONIC,2409BRN2CY,android 16,RELEASE,1.0.0,S2,UI_RESPONSE_MS,30,132.8,ms,8.675,1788955059541,2026-09-09T11:57:39.541Z
ses_04,ses_04_S3,IONIC,2409BRN2CY,android 16,RELEASE,1.0.0,S3,STARTUP_MS,1,471.7,ms,33.774,1788955196511,2026-09-09T11:59:56.511Z
ses_04,ses_04_S3,IONIC,2409BRN2CY,android 16,RELEASE,1.0.0,S3,UI_RESPONSE_MS,1,288.6,ms,15.704,1788955216604,2026-09-09T12:00:16.604Z
ses_04,ses_04_S3,IONIC,2409BRN2CY,android 16,RELEASE,1.0.0,S3,UI_RESPONSE_MS,2,158.8,ms,6.374,1788955231826,2026-09-09T12:00:31.826Z
ses_04,ses_04_S3,IONIC,2409BRN2CY,android 16,RELEASE,1.0.0,S3,UI_RESPONSE_MS,3,140.6,ms,7.734,1788955247082,2026-09-09T12:00:47.082Z
ses_04,ses_04_S3,IONIC,2409BRN2CY,android 16,RELEASE,1.0.0,S3,UI_RESPONSE_MS,4,154.5,ms,4.147,1788955261822,2026-09-09T12:01:01.822Z
ses_04,ses_04_S3,IONIC,2409BRN2CY,android 16,RELEASE,1.0.0,S3,UI_RESPONSE_MS,5,160.9,ms,11.706,1788955276462,2026-09-09T12:01:16.462Z
ses_04,ses_04_S3,IONIC,2409BRN2CY,android 16,RELEASE,1.0.0,S3,UI_RESPONSE_MS,6,139.7,ms,4.103,1788955292367,2026-09-09T12:01:32.367Z
ses_04,ses_04_S3,IONIC,2409BRN2CY,android 16,RELEASE,1.0.0,S3,UI_RESPONSE_MS,7,154.8,ms,16.142,1788955306990,2026-09-09T12:01:46.990Z
ses_04,ses_04_S3,IONIC,2409BRN2CY,android 16,RELEASE,1.0.0,S3,UI_RESPONSE_MS,8,150.1,ms,2.983,1788955322389,2026-09-09T12:02:02.389Z
ses_04,ses_04_S3,IONIC,2409BRN2CY,android 16,RELEASE,1.0.0,S3,UI_RESPONSE_MS,9,164.5,ms,9.703,1788955337288,2026-09-09T12:02:17.288Z
ses_04,ses_04_S3,IONIC,2409BRN2CY,android 16,RELEASE,1.0.0,S3,UI_RESPONSE_MS,10,161.2,ms,8.088,1788955352359,2026-09-09T12:02:32.359Z
ses_04,ses_04_S3,IONIC,2409BRN2CY,android 16,RELEASE,1.0.0,S3,UI_RESPONSE_MS,11,148.2,ms,18.054,1788955367455,2026-09-09T12:02:47.455Z
ses_04,ses_04_S3,IONIC,2409BRN2CY,android 16,RELEASE,1.0.0,S3,UI_RESPONSE_MS,12,148.1,ms,8.069,1788955382338,2026-09-09T12:03:02.338Z
ses_04,ses_04_S3,IONIC,2409BRN2CY,android 16,RELEASE,1.0.0,S3,UI_RESPONSE_MS,13,153.8,ms,4.105,1788955398004,2026-09-09T12:03:18.004Z
ses_04,ses_04_S3,IONIC,2409BRN2CY,android 16,RELEASE,1.0.0,S3,UI_RESPONSE_MS,14,179.4,ms,12.596,1788955413250,2026-09-09T12:03:33.250Z
ses_04,ses_04_S3,IONIC,2409BRN2CY,android 16,RELEASE,1.0.0,S3,UI_RESPONSE_MS,15,143.8,ms,6.607,1788955427687,2026-09-09T12:03:47.687Z
ses_04,ses_04_S3,IONIC,2409BRN2CY,android 16,RELEASE,1.0.0,S3,UI_RESPONSE_MS,16,148.4,ms,10.422,1788955443500,2026-09-09T12:04:03.500Z
ses_04,ses_04_S3,IONIC,2409BRN2CY,android 16,RELEASE,1.0.0,S3,UI_RESPONSE_MS,17,151.5,ms,9.463,1788955459275,2026-09-09T12:04:19.275Z
ses_04,ses_04_S3,IONIC,2409BRN2CY,android 16,RELEASE,1.0.0,S3,UI_RESPONSE_MS,18,163.1,ms,9.469,1788955473577,2026-09-09T12:04:33.577Z
ses_04,ses_04_S3,IONIC,2409BRN2CY,android 16,RELEASE,1.0.0,S3,UI_RESPONSE_MS,19,147.8,ms,7.435,1788955489714,2026-09-09T12:04:49.714Z
ses_04,ses_04_S3,IONIC,2409BRN2CY,android 16,RELEASE,1.0.0,S3,UI_RESPONSE_MS,20,161.2,ms,9.857,1788955505468,2026-09-09T12:05:05.468Z
ses_04,ses_04_S3,IONIC,2409BRN2CY,android 16,RELEASE,1.0.0,S3,UI_RESPONSE_MS,21,149.2,ms,4.189,1788955521746,2026-09-09T12:05:21.746Z
ses_04,ses_04_S3,IONIC,2409BRN2CY,android 16,RELEASE,1.0.0,S3,UI_RESPONSE_MS,22,171.6,ms,10.035,1788955536299,2026-09-09T12:05:36.299Z
ses_04,ses_04_S3,IONIC,2409BRN2CY,android 16,RELEASE,1.0.0,S3,UI_RESPONSE_MS,23,144.4,ms,3.902,1788955551772,2026-09-09T12:05:51.772Z
ses_04,ses_04_S3,IONIC,2409BRN2CY,android 16,RELEASE,1.0.0,S3,UI_RESPONSE_MS,24,161.4,ms,11.66,1788955567562,2026-09-09T12:06:07.562Z
ses_04,ses_04_S3,IONIC,2409BRN2CY,android 16,RELEASE,1.0.0,S3,UI_RESPONSE_MS,25,145.7,ms,9.787,1788955582232,2026-09-09T12:06:22.232Z
ses_04,ses_04_S3,IONIC,2409BRN2CY,android 16,RELEASE,1.0.0,S3,UI_RESPONSE_MS,26,150.7,ms,6.841,1788955597658,2026-09-09T12:06:37.658Z
ses_04,ses_04_S3,IONIC,2409BRN2CY,android 16,RELEASE,1.0.0,S3,UI_RESPONSE_MS,27,162.4,ms,8.544,1788955613661,2026-09-09T12:06:53.661Z
ses_04,ses_04_S3,IONIC,2409BRN2CY,android 16,RELEASE,1.0.0,S3,UI_RESPONSE_MS,28,164.9,ms,4.575,1788955628201,2026-09-09T12:07:08.201Z
ses_04,ses_04_S3,IONIC,2409BRN2CY,android 16,RELEASE,1.0.0,S3,UI_RESPONSE_MS,29,152.1,ms,9.642,1788955643246,2026-09-09T12:07:23.246Z
ses_04,ses_04_S3,IONIC,2409BRN2CY,android 16,RELEASE,1.0.0,S3,UI_RESPONSE_MS,30,148,ms,10.96,1788955657698,2026-09-09T12:07:37.698Z
ses_04,ses_04_S3,IONIC,2409BRN2CY,android 16,RELEASE,1.0.0,S3,API_REQUEST_MS,1,94.6,ms,52.208,1788955224871,2026-09-09T12:00:24.871Z
ses_04,ses_04_S3,IONIC,2409BRN2CY,android 16,RELEASE,1.0.0,S3,API_REQUEST_MS,2,39.7,ms,17.005,1788955239588,2026-09-09T12:00:39.588Z
ses_04,ses_04_S3,IONIC,2409BRN2CY,android 16,RELEASE,1.0.0,S3,API_REQUEST_MS,3,40.4,ms,21.407,1788955254625,2026-09-09T12:00:54.625Z
ses_04,ses_04_S3,IONIC,2409BRN2CY,android 16,RELEASE,1.0.0,S3,API_REQUEST_MS,4,41.3,ms,22.523,1788955269611,2026-09-09T12:01:09.611Z
ses_04,ses_04_S3,IONIC,2409BRN2CY,android 16,RELEASE,1.0.0,S3,API_REQUEST_MS,5,43.1,ms,22.886,1788955284872,2026-09-09T12:01:24.872Z
ses_04,ses_04_S3,IONIC,2409BRN2CY,android 16,RELEASE,1.0.0,S3,API_REQUEST_MS,6,35.3,ms,17.027,1788955300061,2026-09-09T12:01:40.061Z
ses_04,ses_04_S3,IONIC,2409BRN2CY,android 16,RELEASE,1.0.0,S3,API_REQUEST_MS,7,44.1,ms,22.733,1788955314489,2026-09-09T12:01:54.489Z
ses_04,ses_04_S3,IONIC,2409BRN2CY,android 16,RELEASE,1.0.0,S3,API_REQUEST_MS,8,46,ms,19.367,1788955329934,2026-09-09T12:02:09.934Z
ses_04,ses_04_S3,IONIC,2409BRN2CY,android 16,RELEASE,1.0.0,S3,API_REQUEST_MS,9,45.9,ms,25.052,1788955344918,2026-09-09T12:02:24.918Z
ses_04,ses_04_S3,IONIC,2409BRN2CY,android 16,RELEASE,1.0.0,S3,API_REQUEST_MS,10,43.6,ms,22.042,1788955360476,2026-09-09T12:02:40.476Z
ses_04,ses_04_S3,IONIC,2409BRN2CY,android 16,RELEASE,1.0.0,S3,API_REQUEST_MS,11,33.5,ms,14.952,1788955375186,2026-09-09T12:02:55.186Z
ses_04,ses_04_S3,IONIC,2409BRN2CY,android 16,RELEASE,1.0.0,S3,API_REQUEST_MS,12,37.5,ms,16.256,1788955390390,2026-09-09T12:03:10.390Z
ses_04,ses_04_S3,IONIC,2409BRN2CY,android 16,RELEASE,1.0.0,S3,API_REQUEST_MS,13,43.5,ms,21.356,1788955405524,2026-09-09T12:03:25.524Z
ses_04,ses_04_S3,IONIC,2409BRN2CY,android 16,RELEASE,1.0.0,S3,API_REQUEST_MS,14,36.8,ms,12.132,1788955420705,2026-09-09T12:03:40.705Z
ses_04,ses_04_S3,IONIC,2409BRN2CY,android 16,RELEASE,1.0.0,S3,API_REQUEST_MS,15,40.6,ms,20.341,1788955435610,2026-09-09T12:03:55.610Z
ses_04,ses_04_S3,IONIC,2409BRN2CY,android 16,RELEASE,1.0.0,S3,API_REQUEST_MS,16,37.5,ms,17.913,1788955451399,2026-09-09T12:04:11.399Z
ses_04,ses_04_S3,IONIC,2409BRN2CY,android 16,RELEASE,1.0.0,S3,API_REQUEST_MS,17,45.4,ms,22.401,1788955466916,2026-09-09T12:04:26.916Z
ses_04,ses_04_S3,IONIC,2409BRN2CY,android 16,RELEASE,1.0.0,S3,API_REQUEST_MS,18,32.2,ms,13.614,1788955481564,2026-09-09T12:04:41.564Z
ses_04,ses_04_S3,IONIC,2409BRN2CY,android 16,RELEASE,1.0.0,S3,API_REQUEST_MS,19,31,ms,10.496,1788955497862,2026-09-09T12:04:57.862Z
ses_04,ses_04_S3,IONIC,2409BRN2CY,android 16,RELEASE,1.0.0,S3,API_REQUEST_MS,20,34.5,ms,16.751,1788955513569,2026-09-09T12:05:13.569Z
ses_04,ses_04_S3,IONIC,2409BRN2CY,android 16,RELEASE,1.0.0,S3,API_REQUEST_MS,21,41.1,ms,18.438,1788955529755,2026-09-09T12:05:29.755Z
ses_04,ses_04_S3,IONIC,2409BRN2CY,android 16,RELEASE,1.0.0,S3,API_REQUEST_MS,22,60.8,ms,36.182,1788955543863,2026-09-09T12:05:43.863Z
ses_04,ses_04_S3,IONIC,2409BRN2CY,android 16,RELEASE,1.0.0,S3,API_REQUEST_MS,23,50.9,ms,29.201,1788955559608,2026-09-09T12:05:59.608Z
ses_04,ses_04_S3,IONIC,2409BRN2CY,android 16,RELEASE,1.0.0,S3,API_REQUEST_MS,24,38.4,ms,16.578,1788955575533,2026-09-09T12:06:15.533Z
ses_04,ses_04_S3,IONIC,2409BRN2CY,android 16,RELEASE,1.0.0,S3,API_REQUEST_MS,25,35.3,ms,17.729,1788955589755,2026-09-09T12:06:29.755Z
ses_04,ses_04_S3,IONIC,2409BRN2CY,android 16,RELEASE,1.0.0,S3,API_REQUEST_MS,26,49.7,ms,24.828,1788955605704,2026-09-09T12:06:45.704Z
ses_04,ses_04_S3,IONIC,2409BRN2CY,android 16,RELEASE,1.0.0,S3,API_REQUEST_MS,27,37.5,ms,18.749,1788955621233,2026-09-09T12:07:01.233Z
ses_04,ses_04_S3,IONIC,2409BRN2CY,android 16,RELEASE,1.0.0,S3,API_REQUEST_MS,28,33.6,ms,12.07,1788955636205,2026-09-09T12:07:16.205Z
ses_04,ses_04_S3,IONIC,2409BRN2CY,android 16,RELEASE,1.0.0,S3,API_REQUEST_MS,29,24.4,ms,6.936,1788955650884,2026-09-09T12:07:30.884Z
ses_04,ses_04_S3,IONIC,2409BRN2CY,android 16,RELEASE,1.0.0,S3,API_REQUEST_MS,30,44.6,ms,21.04,1788955665580,2026-09-09T12:07:45.580Z
ses_04,ses_04_S3,IONIC,2409BRN2CY,android 16,RELEASE,1.0.0,S3,REQUEST_BUILD_MS,1,0.2,ms,,1788955224871,2026-09-09T12:00:24.871Z
ses_04,ses_04_S3,IONIC,2409BRN2CY,android 16,RELEASE,1.0.0,S3,REQUEST_BUILD_MS,2,0.2,ms,,1788955239588,2026-09-09T12:00:39.588Z
ses_04,ses_04_S3,IONIC,2409BRN2CY,android 16,RELEASE,1.0.0,S3,REQUEST_BUILD_MS,3,0.2,ms,,1788955254625,2026-09-09T12:00:54.625Z
ses_04,ses_04_S3,IONIC,2409BRN2CY,android 16,RELEASE,1.0.0,S3,REQUEST_BUILD_MS,4,0.1,ms,,1788955269611,2026-09-09T12:01:09.611Z
ses_04,ses_04_S3,IONIC,2409BRN2CY,android 16,RELEASE,1.0.0,S3,REQUEST_BUILD_MS,5,0.2,ms,,1788955284872,2026-09-09T12:01:24.872Z
ses_04,ses_04_S3,IONIC,2409BRN2CY,android 16,RELEASE,1.0.0,S3,REQUEST_BUILD_MS,6,0.2,ms,,1788955300061,2026-09-09T12:01:40.061Z
ses_04,ses_04_S3,IONIC,2409BRN2CY,android 16,RELEASE,1.0.0,S3,REQUEST_BUILD_MS,7,0.8,ms,,1788955314489,2026-09-09T12:01:54.489Z
ses_04,ses_04_S3,IONIC,2409BRN2CY,android 16,RELEASE,1.0.0,S3,REQUEST_BUILD_MS,8,0,ms,,1788955329934,2026-09-09T12:02:09.934Z
ses_04,ses_04_S3,IONIC,2409BRN2CY,android 16,RELEASE,1.0.0,S3,REQUEST_BUILD_MS,9,0.1,ms,,1788955344918,2026-09-09T12:02:24.918Z
ses_04,ses_04_S3,IONIC,2409BRN2CY,android 16,RELEASE,1.0.0,S3,REQUEST_BUILD_MS,10,0.2,ms,,1788955360476,2026-09-09T12:02:40.476Z
ses_04,ses_04_S3,IONIC,2409BRN2CY,android 16,RELEASE,1.0.0,S3,REQUEST_BUILD_MS,11,0.2,ms,,1788955375186,2026-09-09T12:02:55.186Z
ses_04,ses_04_S3,IONIC,2409BRN2CY,android 16,RELEASE,1.0.0,S3,REQUEST_BUILD_MS,12,0,ms,,1788955390390,2026-09-09T12:03:10.390Z
ses_04,ses_04_S3,IONIC,2409BRN2CY,android 16,RELEASE,1.0.0,S3,REQUEST_BUILD_MS,13,0,ms,,1788955405524,2026-09-09T12:03:25.524Z
ses_04,ses_04_S3,IONIC,2409BRN2CY,android 16,RELEASE,1.0.0,S3,REQUEST_BUILD_MS,14,0.1,ms,,1788955420705,2026-09-09T12:03:40.705Z
ses_04,ses_04_S3,IONIC,2409BRN2CY,android 16,RELEASE,1.0.0,S3,REQUEST_BUILD_MS,15,0,ms,,1788955435610,2026-09-09T12:03:55.610Z
ses_04,ses_04_S3,IONIC,2409BRN2CY,android 16,RELEASE,1.0.0,S3,REQUEST_BUILD_MS,16,0,ms,,1788955451399,2026-09-09T12:04:11.399Z
ses_04,ses_04_S3,IONIC,2409BRN2CY,android 16,RELEASE,1.0.0,S3,REQUEST_BUILD_MS,17,0,ms,,1788955466916,2026-09-09T12:04:26.916Z
ses_04,ses_04_S3,IONIC,2409BRN2CY,android 16,RELEASE,1.0.0,S3,REQUEST_BUILD_MS,18,0,ms,,1788955481564,2026-09-09T12:04:41.564Z
ses_04,ses_04_S3,IONIC,2409BRN2CY,android 16,RELEASE,1.0.0,S3,REQUEST_BUILD_MS,19,0,ms,,1788955497862,2026-09-09T12:04:57.862Z
ses_04,ses_04_S3,IONIC,2409BRN2CY,android 16,RELEASE,1.0.0,S3,REQUEST_BUILD_MS,20,0,ms,,1788955513569,2026-09-09T12:05:13.569Z
ses_04,ses_04_S3,IONIC,2409BRN2CY,android 16,RELEASE,1.0.0,S3,REQUEST_BUILD_MS,21,0,ms,,1788955529755,2026-09-09T12:05:29.755Z
ses_04,ses_04_S3,IONIC,2409BRN2CY,android 16,RELEASE,1.0.0,S3,REQUEST_BUILD_MS,22,0,ms,,1788955543863,2026-09-09T12:05:43.863Z
ses_04,ses_04_S3,IONIC,2409BRN2CY,android 16,RELEASE,1.0.0,S3,REQUEST_BUILD_MS,23,0,ms,,1788955559608,2026-09-09T12:05:59.608Z
ses_04,ses_04_S3,IONIC,2409BRN2CY,android 16,RELEASE,1.0.0,S3,REQUEST_BUILD_MS,24,0,ms,,1788955575533,2026-09-09T12:06:15.533Z
ses_04,ses_04_S3,IONIC,2409BRN2CY,android 16,RELEASE,1.0.0,S3,REQUEST_BUILD_MS,25,0.1,ms,,1788955589755,2026-09-09T12:06:29.755Z
ses_04,ses_04_S3,IONIC,2409BRN2CY,android 16,RELEASE,1.0.0,S3,REQUEST_BUILD_MS,26,0,ms,,1788955605704,2026-09-09T12:06:45.704Z
ses_04,ses_04_S3,IONIC,2409BRN2CY,android 16,RELEASE,1.0.0,S3,REQUEST_BUILD_MS,27,0,ms,,1788955621233,2026-09-09T12:07:01.233Z
ses_04,ses_04_S3,IONIC,2409BRN2CY,android 16,RELEASE,1.0.0,S3,REQUEST_BUILD_MS,28,0.1,ms,,1788955636205,2026-09-09T12:07:16.205Z
ses_04,ses_04_S3,IONIC,2409BRN2CY,android 16,RELEASE,1.0.0,S3,REQUEST_BUILD_MS,29,0,ms,,1788955650884,2026-09-09T12:07:30.884Z
ses_04,ses_04_S3,IONIC,2409BRN2CY,android 16,RELEASE,1.0.0,S3,REQUEST_BUILD_MS,30,0.1,ms,,1788955665580,2026-09-09T12:07:45.580Z
ses_04,ses_04_S3,IONIC,2409BRN2CY,android 16,RELEASE,1.0.0,S3,RENDER_CHECKOUT_MS,1,87.4,ms,,1788955224959,2026-09-09T12:00:24.959Z
ses_04,ses_04_S3,IONIC,2409BRN2CY,android 16,RELEASE,1.0.0,S3,RENDER_CHECKOUT_MS,2,75.8,ms,,1788955239663,2026-09-09T12:00:39.663Z
ses_04,ses_04_S3,IONIC,2409BRN2CY,android 16,RELEASE,1.0.0,S3,RENDER_CHECKOUT_MS,3,70.8,ms,,1788955254696,2026-09-09T12:00:54.696Z
ses_04,ses_04_S3,IONIC,2409BRN2CY,android 16,RELEASE,1.0.0,S3,RENDER_CHECKOUT_MS,4,74.8,ms,,1788955269686,2026-09-09T12:01:09.686Z
ses_04,ses_04_S3,IONIC,2409BRN2CY,android 16,RELEASE,1.0.0,S3,RENDER_CHECKOUT_MS,5,70,ms,,1788955284942,2026-09-09T12:01:24.942Z
ses_04,ses_04_S3,IONIC,2409BRN2CY,android 16,RELEASE,1.0.0,S3,RENDER_CHECKOUT_MS,6,75.4,ms,,1788955300136,2026-09-09T12:01:40.136Z
ses_04,ses_04_S3,IONIC,2409BRN2CY,android 16,RELEASE,1.0.0,S3,RENDER_CHECKOUT_MS,7,73.9,ms,,1788955314563,2026-09-09T12:01:54.563Z
ses_04,ses_04_S3,IONIC,2409BRN2CY,android 16,RELEASE,1.0.0,S3,RENDER_CHECKOUT_MS,8,71.9,ms,,1788955330006,2026-09-09T12:02:10.006Z
ses_04,ses_04_S3,IONIC,2409BRN2CY,android 16,RELEASE,1.0.0,S3,RENDER_CHECKOUT_MS,9,73.7,ms,,1788955344992,2026-09-09T12:02:24.992Z
ses_04,ses_04_S3,IONIC,2409BRN2CY,android 16,RELEASE,1.0.0,S3,RENDER_CHECKOUT_MS,10,64.2,ms,,1788955360540,2026-09-09T12:02:40.540Z
ses_04,ses_04_S3,IONIC,2409BRN2CY,android 16,RELEASE,1.0.0,S3,RENDER_CHECKOUT_MS,11,68.2,ms,,1788955375254,2026-09-09T12:02:55.254Z
ses_04,ses_04_S3,IONIC,2409BRN2CY,android 16,RELEASE,1.0.0,S3,RENDER_CHECKOUT_MS,12,67.5,ms,,1788955390458,2026-09-09T12:03:10.458Z
ses_04,ses_04_S3,IONIC,2409BRN2CY,android 16,RELEASE,1.0.0,S3,RENDER_CHECKOUT_MS,13,78.6,ms,,1788955405603,2026-09-09T12:03:25.603Z
ses_04,ses_04_S3,IONIC,2409BRN2CY,android 16,RELEASE,1.0.0,S3,RENDER_CHECKOUT_MS,14,54.2,ms,,1788955420759,2026-09-09T12:03:40.759Z
ses_04,ses_04_S3,IONIC,2409BRN2CY,android 16,RELEASE,1.0.0,S3,RENDER_CHECKOUT_MS,15,63.9,ms,,1788955435674,2026-09-09T12:03:55.674Z
ses_04,ses_04_S3,IONIC,2409BRN2CY,android 16,RELEASE,1.0.0,S3,RENDER_CHECKOUT_MS,16,54.1,ms,,1788955451453,2026-09-09T12:04:11.453Z
ses_04,ses_04_S3,IONIC,2409BRN2CY,android 16,RELEASE,1.0.0,S3,RENDER_CHECKOUT_MS,17,60.8,ms,,1788955466977,2026-09-09T12:04:26.977Z
ses_04,ses_04_S3,IONIC,2409BRN2CY,android 16,RELEASE,1.0.0,S3,RENDER_CHECKOUT_MS,18,58,ms,,1788955481622,2026-09-09T12:04:41.622Z
ses_04,ses_04_S3,IONIC,2409BRN2CY,android 16,RELEASE,1.0.0,S3,RENDER_CHECKOUT_MS,19,52.5,ms,,1788955497915,2026-09-09T12:04:57.915Z
ses_04,ses_04_S3,IONIC,2409BRN2CY,android 16,RELEASE,1.0.0,S3,RENDER_CHECKOUT_MS,20,67.2,ms,,1788955513636,2026-09-09T12:05:13.636Z
ses_04,ses_04_S3,IONIC,2409BRN2CY,android 16,RELEASE,1.0.0,S3,RENDER_CHECKOUT_MS,21,55.7,ms,,1788955529810,2026-09-09T12:05:29.810Z
ses_04,ses_04_S3,IONIC,2409BRN2CY,android 16,RELEASE,1.0.0,S3,RENDER_CHECKOUT_MS,22,69.8,ms,,1788955543933,2026-09-09T12:05:43.933Z
ses_04,ses_04_S3,IONIC,2409BRN2CY,android 16,RELEASE,1.0.0,S3,RENDER_CHECKOUT_MS,23,76.7,ms,,1788955559685,2026-09-09T12:05:59.685Z
ses_04,ses_04_S3,IONIC,2409BRN2CY,android 16,RELEASE,1.0.0,S3,RENDER_CHECKOUT_MS,24,68.1,ms,,1788955575601,2026-09-09T12:06:15.601Z
ses_04,ses_04_S3,IONIC,2409BRN2CY,android 16,RELEASE,1.0.0,S3,RENDER_CHECKOUT_MS,25,84.4,ms,,1788955589839,2026-09-09T12:06:29.839Z
ses_04,ses_04_S3,IONIC,2409BRN2CY,android 16,RELEASE,1.0.0,S3,RENDER_CHECKOUT_MS,26,62.9,ms,,1788955605766,2026-09-09T12:06:45.766Z
ses_04,ses_04_S3,IONIC,2409BRN2CY,android 16,RELEASE,1.0.0,S3,RENDER_CHECKOUT_MS,27,61.8,ms,,1788955621295,2026-09-09T12:07:01.295Z
ses_04,ses_04_S3,IONIC,2409BRN2CY,android 16,RELEASE,1.0.0,S3,RENDER_CHECKOUT_MS,28,67.1,ms,,1788955636272,2026-09-09T12:07:16.272Z
ses_04,ses_04_S3,IONIC,2409BRN2CY,android 16,RELEASE,1.0.0,S3,RENDER_CHECKOUT_MS,29,55.9,ms,,1788955650940,2026-09-09T12:07:30.940Z
ses_04,ses_04_S3,IONIC,2409BRN2CY,android 16,RELEASE,1.0.0,S3,RENDER_CHECKOUT_MS,30,61.1,ms,,1788955665641,2026-09-09T12:07:45.641Z
ses_04,ses_04_S3,IONIC,2409BRN2CY,android 16,RELEASE,1.0.0,S3,RENDER_ORDERS_MS,1,21.2,ms,15.339,1788955224997,2026-09-09T12:00:24.997Z
ses_04,ses_04_S3,IONIC,2409BRN2CY,android 16,RELEASE,1.0.0,S3,RENDER_ORDERS_MS,2,18.5,ms,17.12,1788955239687,2026-09-09T12:00:39.687Z
ses_04,ses_04_S3,IONIC,2409BRN2CY,android 16,RELEASE,1.0.0,S3,RENDER_ORDERS_MS,3,22,ms,12.003,1788955254727,2026-09-09T12:00:54.727Z
ses_04,ses_04_S3,IONIC,2409BRN2CY,android 16,RELEASE,1.0.0,S3,RENDER_ORDERS_MS,4,41.1,ms,6.742,1788955269730,2026-09-09T12:01:09.730Z
ses_04,ses_04_S3,IONIC,2409BRN2CY,android 16,RELEASE,1.0.0,S3,RENDER_ORDERS_MS,5,17.5,ms,14.76,1788955284972,2026-09-09T12:01:24.972Z
ses_04,ses_04_S3,IONIC,2409BRN2CY,android 16,RELEASE,1.0.0,S3,RENDER_ORDERS_MS,6,30.3,ms,20.207,1788955300178,2026-09-09T12:01:40.178Z
ses_04,ses_04_S3,IONIC,2409BRN2CY,android 16,RELEASE,1.0.0,S3,RENDER_ORDERS_MS,7,19.3,ms,14.562,1788955314585,2026-09-09T12:01:54.585Z
ses_04,ses_04_S3,IONIC,2409BRN2CY,android 16,RELEASE,1.0.0,S3,RENDER_ORDERS_MS,8,32.1,ms,13.696,1788955330043,2026-09-09T12:02:10.043Z
ses_04,ses_04_S3,IONIC,2409BRN2CY,android 16,RELEASE,1.0.0,S3,RENDER_ORDERS_MS,9,19.5,ms,17.145,1788955345014,2026-09-09T12:02:25.014Z
ses_04,ses_04_S3,IONIC,2409BRN2CY,android 16,RELEASE,1.0.0,S3,RENDER_ORDERS_MS,10,21,ms,15.535,1788955360572,2026-09-09T12:02:40.572Z
ses_04,ses_04_S3,IONIC,2409BRN2CY,android 16,RELEASE,1.0.0,S3,RENDER_ORDERS_MS,11,27.5,ms,21.108,1788955375292,2026-09-09T12:02:55.292Z
ses_04,ses_04_S3,IONIC,2409BRN2CY,android 16,RELEASE,1.0.0,S3,RENDER_ORDERS_MS,12,21.4,ms,15.265,1788955390484,2026-09-09T12:03:10.484Z
ses_04,ses_04_S3,IONIC,2409BRN2CY,android 16,RELEASE,1.0.0,S3,RENDER_ORDERS_MS,13,18.7,ms,11.386,1788955405623,2026-09-09T12:03:25.623Z
ses_04,ses_04_S3,IONIC,2409BRN2CY,android 16,RELEASE,1.0.0,S3,RENDER_ORDERS_MS,14,32.4,ms,4.62,1788955420800,2026-09-09T12:03:40.800Z
ses_04,ses_04_S3,IONIC,2409BRN2CY,android 16,RELEASE,1.0.0,S3,RENDER_ORDERS_MS,15,29.8,ms,21.974,1788955435718,2026-09-09T12:03:55.718Z
ses_04,ses_04_S3,IONIC,2409BRN2CY,android 16,RELEASE,1.0.0,S3,RENDER_ORDERS_MS,16,27.9,ms,18.004,1788955451490,2026-09-09T12:04:11.490Z
ses_04,ses_04_S3,IONIC,2409BRN2CY,android 16,RELEASE,1.0.0,S3,RENDER_ORDERS_MS,17,33.4,ms,13.513,1788955467018,2026-09-09T12:04:27.018Z
ses_04,ses_04_S3,IONIC,2409BRN2CY,android 16,RELEASE,1.0.0,S3,RENDER_ORDERS_MS,18,28.9,ms,11.482,1788955481659,2026-09-09T12:04:41.659Z
ses_04,ses_04_S3,IONIC,2409BRN2CY,android 16,RELEASE,1.0.0,S3,RENDER_ORDERS_MS,19,31.9,ms,9.238,1788955497952,2026-09-09T12:04:57.952Z
ses_04,ses_04_S3,IONIC,2409BRN2CY,android 16,RELEASE,1.0.0,S3,RENDER_ORDERS_MS,20,30.8,ms,17.483,1788955513680,2026-09-09T12:05:13.680Z
ses_04,ses_04_S3,IONIC,2409BRN2CY,android 16,RELEASE,1.0.0,S3,RENDER_ORDERS_MS,21,33.4,ms,6.324,1788955529849,2026-09-09T12:05:29.849Z
ses_04,ses_04_S3,IONIC,2409BRN2CY,android 16,RELEASE,1.0.0,S3,RENDER_ORDERS_MS,22,19.6,ms,20.319,1788955543961,2026-09-09T12:05:43.961Z
ses_04,ses_04_S3,IONIC,2409BRN2CY,android 16,RELEASE,1.0.0,S3,RENDER_ORDERS_MS,23,33.6,ms,12.698,1788955559723,2026-09-09T12:05:59.723Z
ses_04,ses_04_S3,IONIC,2409BRN2CY,android 16,RELEASE,1.0.0,S3,RENDER_ORDERS_MS,24,29.8,ms,30.443,1788955575648,2026-09-09T12:06:15.648Z
ses_04,ses_04_S3,IONIC,2409BRN2CY,android 16,RELEASE,1.0.0,S3,RENDER_ORDERS_MS,25,35.7,ms,16.894,1788955589878,2026-09-09T12:06:29.878Z
ses_04,ses_04_S3,IONIC,2409BRN2CY,android 16,RELEASE,1.0.0,S3,RENDER_ORDERS_MS,26,34.4,ms,11.565,1788955605804,2026-09-09T12:06:45.804Z
ses_04,ses_04_S3,IONIC,2409BRN2CY,android 16,RELEASE,1.0.0,S3,RENDER_ORDERS_MS,27,38.8,ms,19.666,1788955621353,2026-09-09T12:07:01.353Z
ses_04,ses_04_S3,IONIC,2409BRN2CY,android 16,RELEASE,1.0.0,S3,RENDER_ORDERS_MS,28,28.4,ms,25.472,1788955636314,2026-09-09T12:07:16.314Z
ses_04,ses_04_S3,IONIC,2409BRN2CY,android 16,RELEASE,1.0.0,S3,RENDER_ORDERS_MS,29,42.5,ms,3.855,1788955651001,2026-09-09T12:07:31.001Z
ses_04,ses_04_S3,IONIC,2409BRN2CY,android 16,RELEASE,1.0.0,S3,RENDER_ORDERS_MS,30,32.1,ms,28.863,1788955665693,2026-09-09T12:07:45.693Z